"marker","position","mean","variance","pip"
"m00050",50000,0.131403088050122,0.000103266403084331,1
"m00125",25000,0.139179560537795,0.000108196991078984,1
"m06170",70000,0.0394886897144523,0.00016269917300924,0.963571428571429
"m06958",58000,-0.0378165172875768,0.000184383154490729,0.9475
"m02942",42000,-0.0371163897026994,0.000194856915197362,0.934642857142857
"m03380",80000,-0.0362314091494525,0.000203462616712372,0.930357142857143
"m45456",56000,-0.0312373714608916,0.00028672685817043,0.832857142857143
"m00998",98000,0.0297701668035128,0.000265694589453117,0.832142857142857
"m02924",24000,0.0280646597635188,0.000286597051312751,0.7975
"m28637",37000,0.0276217599162845,0.000285457834601154,0.793571428571429
