"region","trait","status","retained_rank","full_rank","requested_retained_positive_mass","achieved_retained_positive_mass","attempts","fallback_required"
"region001","A","accepted",100,100,0.995,1,1,FALSE
"region001","B","accepted",100,100,0.995,1,1,FALSE
"region002","A","accepted",100,100,0.995,1,1,FALSE
"region002","B","accepted",100,100,0.995,1,1,FALSE
"region003","A","accepted",100,100,0.995,1,1,FALSE
"region003","B","accepted",100,100,0.995,1,1,FALSE
"region004","A","accepted",100,100,0.995,1,1,FALSE
"region004","B","accepted",100,100,0.995,1,1,FALSE
"region005","A","accepted",100,100,0.995,1,1,FALSE
"region005","B","accepted",100,100,0.995,1,1,FALSE
"region006","A","accepted",100,100,0.995,1,1,FALSE
"region006","B","accepted",100,100,0.995,1,1,FALSE
"region007","A","accepted",100,100,0.995,1,1,FALSE
"region007","B","accepted",100,100,0.995,1,1,FALSE
"region008","A","accepted",100,100,0.995,1,1,FALSE
"region008","B","accepted",100,100,0.995,1,1,FALSE
"region009","A","accepted",100,100,0.995,1,1,FALSE
"region009","B","accepted",100,100,0.995,1,1,FALSE
"region010","A","accepted",100,100,0.995,1,1,FALSE
"region010","B","accepted",100,100,0.995,1,1,FALSE
"region011","A","accepted",100,100,0.995,1,1,FALSE
"region011","B","accepted",100,100,0.995,1,1,FALSE
"region012","A","accepted",100,100,0.995,1,1,FALSE
"region012","B","accepted",100,100,0.995,1,1,FALSE
"region013","A","accepted",100,100,0.995,1,1,FALSE
"region013","B","accepted",100,100,0.995,1,1,FALSE
"region014","A","accepted",100,100,0.995,1,1,FALSE
"region014","B","accepted",100,100,0.995,1,1,FALSE
"region015","A","accepted",100,100,0.995,1,1,FALSE
"region015","B","accepted",100,100,0.995,1,1,FALSE
"region016","A","accepted",100,100,0.995,1,1,FALSE
"region016","B","accepted",100,100,0.995,1,1,FALSE
"region017","A","accepted",100,100,0.995,1,1,FALSE
"region017","B","accepted",100,100,0.995,1,1,FALSE
"region018","A","accepted",100,100,0.995,1,1,FALSE
"region018","B","accepted",100,100,0.995,1,1,FALSE
"region019","A","accepted",100,100,0.995,1,1,FALSE
"region019","B","accepted",100,100,0.995,1,1,FALSE
"region020","A","accepted",100,100,0.995,1,1,FALSE
"region020","B","accepted",100,100,0.995,1,1,FALSE
