"region","trait","marker","position","mean","pip"
"region001","A","m00050",50000,0.314029104580259,1
"region001","B","m00050",50000,0.336108061961647,1
"region002","A","m00125",25000,0.33688241234597,1
"region002","B","m00175",75000,0.382148434482114,1
"region010","A","m00998",98000,0.0839534367272013,0.960838716694603
"region019","B","m01817",17000,0.0481630983791206,0.685775816697404
"region014","B","m01325",25000,0.0444373393763799,0.64757391602162
"region015","B","m01477",77000,-0.0401232252251615,0.604183136805102
"region004","A","m00315",15000,0.0396879783873602,0.5798741557885
"region014","A","m01371",71000,0.0390464288590294,0.559305599699969
