"set","requested_markers","markers_in_Glist","weighted_markers","used_markers","missing_from_Glist","missing_from_weights","set_weight"
"gene0001",21,21,21,21,0,0,1
"gene0002",79,79,79,79,0,0,1
"gene0003",22,22,22,22,0,0,1
"gene0004",78,78,78,78,0,0,1
"gene0005",23,23,23,23,0,0,1
"gene0006",77,77,77,77,0,0,1
"gene0007",24,24,24,24,0,0,1
"gene0008",76,76,76,76,0,0,1
"gene0009",25,25,25,25,0,0,1
"gene0010",75,75,75,75,0,0,1
"gene0011",26,26,26,26,0,0,1
"gene0012",74,74,74,74,0,0,1
"gene0013",27,27,27,27,0,0,1
"gene0014",73,73,73,73,0,0,1
"gene0015",28,28,28,28,0,0,1
"gene0016",72,72,72,72,0,0,1
"gene0017",29,29,29,29,0,0,1
"gene0018",71,71,71,71,0,0,1
"gene0019",30,30,30,30,0,0,1
"gene0020",70,70,70,70,0,0,1
