"trait","pathway","estimate","standard_error","p_value"
"A","enriched",0.385203831914441,0.0947118024011012,2.56746380109361e-05
"A","background",-0.126953675855165,0.0954088849636424,0.908192207521942
"A","mixed",0.0655503575169826,0.0874966206559723,0.226963873887931
"B","enriched",0.407514677776894,0.0952874357432122,1.03955370334287e-05
"B","background",-0.116909156965348,0.0960853853813617,0.888001077204467
"B","mixed",-0.102064358556687,0.0880697620515664,0.876613636917097
"C","enriched",0.335848854401737,0.0943705088116407,0.000195021280458107
"C","background",-0.213296630118961,0.0947271175624353,0.987720847124842
"C","mixed",-0.0299458222286606,0.0870339286118568,0.634567190269636
