"model","program","stage","elapsed_seconds","availability"
"simulation","gsim","frozen_data_generation",18.57,"recorded"
"single_trait","gsuite","fit",80.92,"recorded"
"single_trait","dmu","dmu1",8.3384875,"recorded by Milestone 8 replacement timing pipeline"
"single_trait","dmu","dmuai",169.9268271,"recorded by Milestone 8 replacement timing pipeline"
"single_trait","dmu","dmu1_plus_dmuai",178.4213963,"end-to-end monotonic wall time; one replacement execution"
"multitrait","gsuite","fit",105.64,"recorded"
"multitrait","dmu","dmu1_plus_dmuai",818.46,"recorded"
"longitudinal","gsuite","fit",386.86,"recorded"
"longitudinal","dmu","dmu1_plus_dmuai",1182.68,"recorded"
