"analysis","component","quantity","estimate","se","z","p","undefined_reason","uncertainty_reason","lower","upper","interval_level","p_mc_se","method","reference","region","scope","trait1","trait2","diagnostic_id","native_quantity","name","scale","se_method","p_method","interval_method","se_available","p_available","interval_available","estimate_status","out_of_range","row_id"
"ldsc_h2","all","h2",0.16433356856402,0.0862815130366508,1.90462084843382,0.0568293745174602,"","",NA,NA,NA,NA,"ldsc","simulated-training-pool",NA,"reference","A",NA,"fit_1","h2","all","native","block_jackknife","block_jackknife_normal","not_requested",TRUE,TRUE,FALSE,"available",FALSE,1
"ldsc_h2","all","h2",0.284597054766706,0.0897432248263093,3.17123721949507,0.00151791132419464,"","",NA,NA,NA,NA,"ldsc","simulated-training-pool",NA,"reference","B",NA,"fit_2","h2","all","native","block_jackknife","block_jackknife_normal","not_requested",TRUE,TRUE,FALSE,"available",FALSE,3
"ldsc_h2","all","h2",0.196657957881382,0.0885448729577915,2.22099768526549,0.0263511181718093,"","",NA,NA,NA,NA,"ldsc","simulated-training-pool",NA,"reference","C",NA,"fit_3","h2","all","native","block_jackknife","block_jackknife_normal","not_requested",TRUE,TRUE,FALSE,"available",FALSE,5
"ldsc_rg","all","rg",0.591041164206129,0.322633260297448,1.83192880876952,0.0669620277943931,"","",NA,NA,NA,NA,"ldsc","simulated-training-pool",NA,"reference","A","B","fit_1","rg","all","dimensionless","block_jackknife","block_jackknife_normal","not_requested",TRUE,TRUE,FALSE,"available",FALSE,2
"ldsc_rg","all","rg",0.636570289989258,0.391854389304131,1.6245072337194,0.104267597807562,"","",NA,NA,NA,NA,"ldsc","simulated-training-pool",NA,"reference","A","C","fit_2","rg","all","dimensionless","block_jackknife","block_jackknife_normal","not_requested",TRUE,TRUE,FALSE,"available",FALSE,7
"ldsc_rg","all","rg",1.09482156046766,0.33111714633496,3.30644780128701,0.000944869531784619,"","",NA,NA,NA,NA,"ldsc","simulated-training-pool",NA,"reference","B","C","fit_3","rg","all","dimensionless","block_jackknife","block_jackknife_normal","not_requested",TRUE,TRUE,FALSE,"available",TRUE,12
"gnova_h2","all","h2",0.160016268054628,0.0855519565906881,1.87039869608365,0.0614284729157217,"","",NA,NA,NA,NA,"gnova","simulated-training-pool",NA,"reference","A",NA,"fit_1","h2","all","native","block_jackknife","block_jackknife_normal","not_requested",TRUE,TRUE,FALSE,"available",FALSE,1
"gnova_h2","all","h2",0.279224064739718,0.0882694950891295,3.16331326533332,0.0015598438445608,"","",NA,NA,NA,NA,"gnova","simulated-training-pool",NA,"reference","B",NA,"fit_2","h2","all","native","block_jackknife","block_jackknife_normal","not_requested",TRUE,TRUE,FALSE,"available",FALSE,4
"gnova_h2","all","h2",0.194966213551067,0.0877951499225932,2.22069457963184,0.0263716548252239,"","",NA,NA,NA,NA,"gnova","simulated-training-pool",NA,"reference","C",NA,"fit_3","h2","all","native","block_jackknife","block_jackknife_normal","not_requested",TRUE,TRUE,FALSE,"available",FALSE,7
"gnova_rg","all","rg",0.592927805763628,0.329242270356457,1.80088603180172,0.0717208450468524,"","",NA,NA,NA,NA,"gnova","simulated-training-pool",NA,"reference","A","B","fit_1","rg","all","dimensionless","block_jackknife","block_jackknife_normal","not_requested",TRUE,TRUE,FALSE,"available",FALSE,5
"gnova_rg","all","rg",0.63450338797089,0.398712242357372,1.59138175497048,0.111523687828636,"","",NA,NA,NA,NA,"gnova","simulated-training-pool",NA,"reference","A","C","fit_1","rg","all","dimensionless","block_jackknife","block_jackknife_normal","not_requested",TRUE,TRUE,FALSE,"available",FALSE,7
"gnova_rg","all","rg",1.09416884884232,0.33460595820261,3.27002201251833,0.00107539115619127,"","",NA,NA,NA,NA,"gnova","simulated-training-pool",NA,"reference","B","C","fit_1","rg","all","dimensionless","block_jackknife","block_jackknife_normal","not_requested",TRUE,TRUE,FALSE,"available",TRUE,9
"sumher_h2","baseline","h2",0.16433364302832,0.0862815189830662,1.90462158020854,0.0568292793259878,"","",NA,NA,NA,NA,"sumher","simulated-training-pool",NA,"architecture_component","A",NA,"fit_1","h2","baseline","native","fixed_weight_block_jackknife","fixed_weight_block_jackknife_normal","not_requested",TRUE,TRUE,FALSE,"available",FALSE,1
"sumher_h2","all","h2",0.16433364302832,0.0862815189830662,1.90462158020854,0.0568292793259878,"","",NA,NA,NA,NA,"sumher","simulated-training-pool",NA,"reference","A",NA,"fit_1","h2","all","native","fixed_weight_block_jackknife","fixed_weight_block_jackknife_normal","not_requested",TRUE,TRUE,FALSE,"available",FALSE,2
"sumher_h2","baseline","h2",0.284597089516925,0.0897432322471598,3.17123734448435,0.0015179106710367,"","",NA,NA,NA,NA,"sumher","simulated-training-pool",NA,"architecture_component","B",NA,"fit_2","h2","baseline","native","fixed_weight_block_jackknife","fixed_weight_block_jackknife_normal","not_requested",TRUE,TRUE,FALSE,"available",FALSE,3
"sumher_h2","all","h2",0.284597089516925,0.0897432322471598,3.17123734448435,0.0015179106710367,"","",NA,NA,NA,NA,"sumher","simulated-training-pool",NA,"reference","B",NA,"fit_2","h2","all","native","fixed_weight_block_jackknife","fixed_weight_block_jackknife_normal","not_requested",TRUE,TRUE,FALSE,"available",FALSE,4
"sumher_h2","baseline","h2",0.196657959022229,0.0885448733985768,2.22099768709354,0.0263511180479932,"","",NA,NA,NA,NA,"sumher","simulated-training-pool",NA,"architecture_component","C",NA,"fit_3","h2","baseline","native","fixed_weight_block_jackknife","fixed_weight_block_jackknife_normal","not_requested",TRUE,TRUE,FALSE,"available",FALSE,5
"sumher_h2","all","h2",0.196657959022229,0.0885448733985768,2.22099768709354,0.0263511180479932,"","",NA,NA,NA,NA,"sumher","simulated-training-pool",NA,"reference","C",NA,"fit_3","h2","all","native","fixed_weight_block_jackknife","fixed_weight_block_jackknife_normal","not_requested",TRUE,TRUE,FALSE,"available",FALSE,6
"sumher_rg","baseline","rg",0.591040996940199,0.322633142249374,1.83192896061299,0.0669620051689032,"","",NA,NA,NA,NA,"sumher","simulated-training-pool",NA,"architecture_component","A","B","fit_1","rg","baseline","dimensionless","fixed_weight_block_jackknife","fixed_weight_block_jackknife_normal","not_requested",TRUE,TRUE,FALSE,"available",FALSE,8
"sumher_rg","all","rg",0.591040996940199,0.322633142249374,1.83192896061299,0.0669620051689032,"","",NA,NA,NA,NA,"sumher","simulated-training-pool",NA,"reference","A","B","fit_1","rg","all","dimensionless","fixed_weight_block_jackknife","fixed_weight_block_jackknife_normal","not_requested",TRUE,TRUE,FALSE,"available",FALSE,10
"sumher_rg","baseline","rg",0.636570146603886,0.391854274584377,1.62450734339716,0.10426757441909,"","",NA,NA,NA,NA,"sumher","simulated-training-pool",NA,"architecture_component","A","C","fit_1","rg","baseline","dimensionless","fixed_weight_block_jackknife","fixed_weight_block_jackknife_normal","not_requested",TRUE,TRUE,FALSE,"available",FALSE,13
"sumher_rg","all","rg",0.636570146603886,0.391854274584377,1.62450734339716,0.10426757441909,"","",NA,NA,NA,NA,"sumher","simulated-training-pool",NA,"reference","A","C","fit_1","rg","all","dimensionless","fixed_weight_block_jackknife","fixed_weight_block_jackknife_normal","not_requested",TRUE,TRUE,FALSE,"available",FALSE,15
"sumher_rg","baseline","rg",1.09482149158415,0.331117119760903,3.30644785861482,0.000944869338444465,"","",NA,NA,NA,NA,"sumher","simulated-training-pool",NA,"architecture_component","B","C","fit_1","rg","baseline","dimensionless","fixed_weight_block_jackknife","fixed_weight_block_jackknife_normal","not_requested",TRUE,TRUE,FALSE,"available",TRUE,18
"sumher_rg","all","rg",1.09482149158415,0.331117119760903,3.30644785861482,0.000944869338444465,"","",NA,NA,NA,NA,"sumher","simulated-training-pool",NA,"reference","B","C","fit_1","rg","all","dimensionless","fixed_weight_block_jackknife","fixed_weight_block_jackknife_normal","not_requested",TRUE,TRUE,FALSE,"available",TRUE,20
"hess_cov","region","cov",0.0612308789770735,NA,NA,NA,"","HESS joint uncertainty requires positive semidefinite plug-in genetic and residual matrices",NA,NA,NA,NA,"hess","simulated-training-pool","region001","region","A","B","fit_1","cov","region001","native","conditional_gaussian_plugin_delta","conditional_gaussian_plugin_delta_normal","not_requested",FALSE,FALSE,FALSE,"available",FALSE,3
"hess_cov","region","cov",0.00105864751492005,0.00637585013634441,0.166040213035343,0.868125303958414,"","",NA,NA,NA,NA,"hess","simulated-training-pool","region002","region","A","B","fit_2","cov","region002","native","conditional_gaussian_plugin_delta","conditional_gaussian_plugin_delta_normal","not_requested",TRUE,TRUE,FALSE,"available",FALSE,7
"hess_cov","region","cov",-0.00066620956899883,NA,NA,NA,"","HESS joint uncertainty requires positive semidefinite plug-in genetic and residual matrices",NA,NA,NA,NA,"hess","simulated-training-pool","region003","region","A","B","fit_3","cov","region003","native","conditional_gaussian_plugin_delta","conditional_gaussian_plugin_delta_normal","not_requested",FALSE,FALSE,FALSE,"available",FALSE,11
"hess_cov","region","cov",-3.75618288032907e-06,NA,NA,NA,"","HESS joint uncertainty requires positive semidefinite plug-in genetic and residual matrices",NA,NA,NA,NA,"hess","simulated-training-pool","region004","region","A","B","fit_4","cov","region004","native","conditional_gaussian_plugin_delta","conditional_gaussian_plugin_delta_normal","not_requested",FALSE,FALSE,FALSE,"available",FALSE,15
"hess_cov","region","cov",-0.00722463344752028,NA,NA,NA,"","HESS joint uncertainty requires positive semidefinite plug-in genetic and residual matrices",NA,NA,NA,NA,"hess","simulated-training-pool","region005","region","A","B","fit_5","cov","region005","native","conditional_gaussian_plugin_delta","conditional_gaussian_plugin_delta_normal","not_requested",FALSE,FALSE,FALSE,"available",FALSE,19
"hess_cov","region","cov",0.00222271717347428,NA,NA,NA,"","HESS joint uncertainty requires positive semidefinite plug-in genetic and residual matrices",NA,NA,NA,NA,"hess","simulated-training-pool","region006","region","A","B","fit_6","cov","region006","native","conditional_gaussian_plugin_delta","conditional_gaussian_plugin_delta_normal","not_requested",FALSE,FALSE,FALSE,"available",FALSE,23
"hess_cov","region","cov",0.00105023279299268,0.00392952821447514,0.267266892021274,0.789263676166593,"","",NA,NA,NA,NA,"hess","simulated-training-pool","region007","region","A","B","fit_7","cov","region007","native","conditional_gaussian_plugin_delta","conditional_gaussian_plugin_delta_normal","not_requested",TRUE,TRUE,FALSE,"available",FALSE,27
"hess_cov","region","cov",0.00590608315177336,NA,NA,NA,"","HESS joint uncertainty requires positive semidefinite plug-in genetic and residual matrices",NA,NA,NA,NA,"hess","simulated-training-pool","region008","region","A","B","fit_8","cov","region008","native","conditional_gaussian_plugin_delta","conditional_gaussian_plugin_delta_normal","not_requested",FALSE,FALSE,FALSE,"available",FALSE,31
"hess_cov","region","cov",-0.00638012882111003,NA,NA,NA,"","HESS joint uncertainty requires positive semidefinite plug-in genetic and residual matrices",NA,NA,NA,NA,"hess","simulated-training-pool","region009","region","A","B","fit_9","cov","region009","native","conditional_gaussian_plugin_delta","conditional_gaussian_plugin_delta_normal","not_requested",FALSE,FALSE,FALSE,"available",FALSE,35
"hess_cov","region","cov",-0.0036762455027834,NA,NA,NA,"","HESS joint uncertainty requires positive semidefinite plug-in genetic and residual matrices",NA,NA,NA,NA,"hess","simulated-training-pool","region010","region","A","B","fit_10","cov","region010","native","conditional_gaussian_plugin_delta","conditional_gaussian_plugin_delta_normal","not_requested",FALSE,FALSE,FALSE,"available",FALSE,39
"hess_cov","region","cov",-7.38671510052004e-06,NA,NA,NA,"","HESS joint uncertainty requires positive semidefinite plug-in genetic and residual matrices",NA,NA,NA,NA,"hess","simulated-training-pool","region011","region","A","B","fit_11","cov","region011","native","conditional_gaussian_plugin_delta","conditional_gaussian_plugin_delta_normal","not_requested",FALSE,FALSE,FALSE,"available",FALSE,43
"hess_cov","region","cov",-0.00089862592156051,0.00367884475353526,-0.244268508666194,0.807022871290456,"","",NA,NA,NA,NA,"hess","simulated-training-pool","region012","region","A","B","fit_12","cov","region012","native","conditional_gaussian_plugin_delta","conditional_gaussian_plugin_delta_normal","not_requested",TRUE,TRUE,FALSE,"available",FALSE,47
"hess_cov","region","cov",-0.00158211287658185,0.00373714641778583,-0.423347843438046,0.672041492402661,"","",NA,NA,NA,NA,"hess","simulated-training-pool","region013","region","A","B","fit_13","cov","region013","native","conditional_gaussian_plugin_delta","conditional_gaussian_plugin_delta_normal","not_requested",TRUE,TRUE,FALSE,"available",FALSE,51
"hess_cov","region","cov",5.23689463035443e-05,0.00413924103313373,0.0126518233377429,0.98990557479367,"","",NA,NA,NA,NA,"hess","simulated-training-pool","region014","region","A","B","fit_14","cov","region014","native","conditional_gaussian_plugin_delta","conditional_gaussian_plugin_delta_normal","not_requested",TRUE,TRUE,FALSE,"available",FALSE,55
"hess_cov","region","cov",-0.00115900892521644,NA,NA,NA,"","HESS joint uncertainty requires positive semidefinite plug-in genetic and residual matrices",NA,NA,NA,NA,"hess","simulated-training-pool","region015","region","A","B","fit_15","cov","region015","native","conditional_gaussian_plugin_delta","conditional_gaussian_plugin_delta_normal","not_requested",FALSE,FALSE,FALSE,"available",FALSE,59
"hess_cov","region","cov",0.000756513962906474,0.00384723249660582,0.196638483266582,0.8441104532252,"","",NA,NA,NA,NA,"hess","simulated-training-pool","region016","region","A","B","fit_16","cov","region016","native","conditional_gaussian_plugin_delta","conditional_gaussian_plugin_delta_normal","not_requested",TRUE,TRUE,FALSE,"available",FALSE,63
"hess_cov","region","cov",-0.00416787505141097,NA,NA,NA,"","HESS joint uncertainty requires positive semidefinite plug-in genetic and residual matrices",NA,NA,NA,NA,"hess","simulated-training-pool","region017","region","A","B","fit_17","cov","region017","native","conditional_gaussian_plugin_delta","conditional_gaussian_plugin_delta_normal","not_requested",FALSE,FALSE,FALSE,"available",FALSE,67
"hess_cov","region","cov",0.00131854799743003,NA,NA,NA,"","HESS joint uncertainty requires positive semidefinite plug-in genetic and residual matrices",NA,NA,NA,NA,"hess","simulated-training-pool","region018","region","A","B","fit_18","cov","region018","native","conditional_gaussian_plugin_delta","conditional_gaussian_plugin_delta_normal","not_requested",FALSE,FALSE,FALSE,"available",FALSE,71
"hess_cov","region","cov",0.000684030890251329,NA,NA,NA,"","HESS joint uncertainty requires positive semidefinite plug-in genetic and residual matrices",NA,NA,NA,NA,"hess","simulated-training-pool","region019","region","A","B","fit_19","cov","region019","native","conditional_gaussian_plugin_delta","conditional_gaussian_plugin_delta_normal","not_requested",FALSE,FALSE,FALSE,"available",FALSE,75
"hess_cov","region","cov",0.00363522853848214,0.00385164628763287,0.943811624175975,0.345265919416302,"","",NA,NA,NA,NA,"hess","simulated-training-pool","region020","region","A","B","fit_20","cov","region020","native","conditional_gaussian_plugin_delta","conditional_gaussian_plugin_delta_normal","not_requested",TRUE,TRUE,FALSE,"available",FALSE,79
"hess_cov","region","cov",0.0413774100182813,0.00613456026159731,6.74496756960824,1.53061208103005e-11,"","",NA,NA,NA,NA,"hess","simulated-training-pool","region001","region","A","C","fit_21","cov","region001","native","conditional_gaussian_plugin_delta","conditional_gaussian_plugin_delta_normal","not_requested",TRUE,TRUE,FALSE,"available",FALSE,83
"hess_cov","region","cov",-0.00365435026733763,0.00641714514939863,-0.569466668161634,0.569039484650906,"","",NA,NA,NA,NA,"hess","simulated-training-pool","region002","region","A","C","fit_22","cov","region002","native","conditional_gaussian_plugin_delta","conditional_gaussian_plugin_delta_normal","not_requested",TRUE,TRUE,FALSE,"available",FALSE,87
"hess_cov","region","cov",0.00712128601408649,NA,NA,NA,"","HESS joint uncertainty requires positive semidefinite plug-in genetic and residual matrices",NA,NA,NA,NA,"hess","simulated-training-pool","region003","region","A","C","fit_23","cov","region003","native","conditional_gaussian_plugin_delta","conditional_gaussian_plugin_delta_normal","not_requested",FALSE,FALSE,FALSE,"available",FALSE,91
"hess_cov","region","cov",-0.00200001959861418,NA,NA,NA,"","HESS joint uncertainty requires positive semidefinite plug-in genetic and residual matrices",NA,NA,NA,NA,"hess","simulated-training-pool","region004","region","A","C","fit_24","cov","region004","native","conditional_gaussian_plugin_delta","conditional_gaussian_plugin_delta_normal","not_requested",FALSE,FALSE,FALSE,"available",FALSE,95
"hess_cov","region","cov",-0.00312005306671482,NA,NA,NA,"","HESS joint uncertainty requires positive semidefinite plug-in genetic and residual matrices",NA,NA,NA,NA,"hess","simulated-training-pool","region005","region","A","C","fit_25","cov","region005","native","conditional_gaussian_plugin_delta","conditional_gaussian_plugin_delta_normal","not_requested",FALSE,FALSE,FALSE,"available",FALSE,99
"hess_cov","region","cov",-0.000467545557696824,NA,NA,NA,"","HESS joint uncertainty requires positive semidefinite plug-in genetic and residual matrices",NA,NA,NA,NA,"hess","simulated-training-pool","region006","region","A","C","fit_26","cov","region006","native","conditional_gaussian_plugin_delta","conditional_gaussian_plugin_delta_normal","not_requested",FALSE,FALSE,FALSE,"available",FALSE,103
"hess_cov","region","cov",0.00996228642452463,NA,NA,NA,"","HESS joint uncertainty requires positive semidefinite plug-in genetic and residual matrices",NA,NA,NA,NA,"hess","simulated-training-pool","region007","region","A","C","fit_27","cov","region007","native","conditional_gaussian_plugin_delta","conditional_gaussian_plugin_delta_normal","not_requested",FALSE,FALSE,FALSE,"available",FALSE,107
"hess_cov","region","cov",0.00282683174932461,NA,NA,NA,"","HESS joint uncertainty requires positive semidefinite plug-in genetic and residual matrices",NA,NA,NA,NA,"hess","simulated-training-pool","region008","region","A","C","fit_28","cov","region008","native","conditional_gaussian_plugin_delta","conditional_gaussian_plugin_delta_normal","not_requested",FALSE,FALSE,FALSE,"available",FALSE,111
"hess_cov","region","cov",0.000274759910517778,NA,NA,NA,"","HESS joint uncertainty requires positive semidefinite plug-in genetic and residual matrices",NA,NA,NA,NA,"hess","simulated-training-pool","region009","region","A","C","fit_29","cov","region009","native","conditional_gaussian_plugin_delta","conditional_gaussian_plugin_delta_normal","not_requested",FALSE,FALSE,FALSE,"available",FALSE,115
"hess_cov","region","cov",0.00161885476035043,0.00401180855087555,0.403522436283038,0.686563932805458,"","",NA,NA,NA,NA,"hess","simulated-training-pool","region010","region","A","C","fit_30","cov","region010","native","conditional_gaussian_plugin_delta","conditional_gaussian_plugin_delta_normal","not_requested",TRUE,TRUE,FALSE,"available",FALSE,119
"hess_cov","region","cov",-0.00272462664379618,0.00403004320209115,-0.676078768183526,0.498990636047743,"","",NA,NA,NA,NA,"hess","simulated-training-pool","region011","region","A","C","fit_31","cov","region011","native","conditional_gaussian_plugin_delta","conditional_gaussian_plugin_delta_normal","not_requested",TRUE,TRUE,FALSE,"available",FALSE,123
"hess_cov","region","cov",-0.00524908277159625,NA,NA,NA,"","HESS joint uncertainty requires positive semidefinite plug-in genetic and residual matrices",NA,NA,NA,NA,"hess","simulated-training-pool","region012","region","A","C","fit_32","cov","region012","native","conditional_gaussian_plugin_delta","conditional_gaussian_plugin_delta_normal","not_requested",FALSE,FALSE,FALSE,"available",FALSE,127
"hess_cov","region","cov",-0.00130686539731594,NA,NA,NA,"","HESS joint uncertainty requires positive semidefinite plug-in genetic and residual matrices",NA,NA,NA,NA,"hess","simulated-training-pool","region013","region","A","C","fit_33","cov","region013","native","conditional_gaussian_plugin_delta","conditional_gaussian_plugin_delta_normal","not_requested",FALSE,FALSE,FALSE,"available",FALSE,131
"hess_cov","region","cov",0.00505115763165654,0.00403134324330113,1.25297136135705,0.210216129323001,"","",NA,NA,NA,NA,"hess","simulated-training-pool","region014","region","A","C","fit_34","cov","region014","native","conditional_gaussian_plugin_delta","conditional_gaussian_plugin_delta_normal","not_requested",TRUE,TRUE,FALSE,"available",FALSE,135
"hess_cov","region","cov",0.00349779165125208,0.00399942848993531,0.874572869612342,0.381806355046794,"","",NA,NA,NA,NA,"hess","simulated-training-pool","region015","region","A","C","fit_35","cov","region015","native","conditional_gaussian_plugin_delta","conditional_gaussian_plugin_delta_normal","not_requested",TRUE,TRUE,FALSE,"available",FALSE,139
"hess_cov","region","cov",0.00270342512844825,NA,NA,NA,"","HESS joint uncertainty requires positive semidefinite plug-in genetic and residual matrices",NA,NA,NA,NA,"hess","simulated-training-pool","region016","region","A","C","fit_36","cov","region016","native","conditional_gaussian_plugin_delta","conditional_gaussian_plugin_delta_normal","not_requested",FALSE,FALSE,FALSE,"available",FALSE,143
"hess_cov","region","cov",-0.00187491449434318,NA,NA,NA,"","HESS joint uncertainty requires positive semidefinite plug-in genetic and residual matrices",NA,NA,NA,NA,"hess","simulated-training-pool","region017","region","A","C","fit_37","cov","region017","native","conditional_gaussian_plugin_delta","conditional_gaussian_plugin_delta_normal","not_requested",FALSE,FALSE,FALSE,"available",FALSE,147
"hess_cov","region","cov",0.0030675446313731,NA,NA,NA,"","HESS joint uncertainty requires positive semidefinite plug-in genetic and residual matrices",NA,NA,NA,NA,"hess","simulated-training-pool","region018","region","A","C","fit_38","cov","region018","native","conditional_gaussian_plugin_delta","conditional_gaussian_plugin_delta_normal","not_requested",FALSE,FALSE,FALSE,"available",FALSE,151
"hess_cov","region","cov",-0.00221422619752684,0.00386141357979751,-0.57342373505688,0.56635782341519,"","",NA,NA,NA,NA,"hess","simulated-training-pool","region019","region","A","C","fit_39","cov","region019","native","conditional_gaussian_plugin_delta","conditional_gaussian_plugin_delta_normal","not_requested",TRUE,TRUE,FALSE,"available",FALSE,155
"hess_cov","region","cov",0.00649884987440876,NA,NA,NA,"","HESS joint uncertainty requires positive semidefinite plug-in genetic and residual matrices",NA,NA,NA,NA,"hess","simulated-training-pool","region020","region","A","C","fit_40","cov","region020","native","conditional_gaussian_plugin_delta","conditional_gaussian_plugin_delta_normal","not_requested",FALSE,FALSE,FALSE,"available",FALSE,159
"hess_cov","region","cov",0.0701547272231816,NA,NA,NA,"","HESS joint uncertainty requires positive semidefinite plug-in genetic and residual matrices",NA,NA,NA,NA,"hess","simulated-training-pool","region001","region","B","C","fit_41","cov","region001","native","conditional_gaussian_plugin_delta","conditional_gaussian_plugin_delta_normal","not_requested",FALSE,FALSE,FALSE,"available",FALSE,163
"hess_cov","region","cov",0.0520595634082933,NA,NA,NA,"","HESS joint uncertainty requires positive semidefinite plug-in genetic and residual matrices",NA,NA,NA,NA,"hess","simulated-training-pool","region002","region","B","C","fit_42","cov","region002","native","conditional_gaussian_plugin_delta","conditional_gaussian_plugin_delta_normal","not_requested",FALSE,FALSE,FALSE,"available",FALSE,167
"hess_cov","region","cov",0.000398276975680353,NA,NA,NA,"","HESS joint uncertainty requires positive semidefinite plug-in genetic and residual matrices",NA,NA,NA,NA,"hess","simulated-training-pool","region003","region","B","C","fit_43","cov","region003","native","conditional_gaussian_plugin_delta","conditional_gaussian_plugin_delta_normal","not_requested",FALSE,FALSE,FALSE,"available",FALSE,171
"hess_cov","region","cov",0.00467522978775407,NA,NA,NA,"","HESS joint uncertainty requires positive semidefinite plug-in genetic and residual matrices",NA,NA,NA,NA,"hess","simulated-training-pool","region004","region","B","C","fit_44","cov","region004","native","conditional_gaussian_plugin_delta","conditional_gaussian_plugin_delta_normal","not_requested",FALSE,FALSE,FALSE,"available",FALSE,175
"hess_cov","region","cov",0.00488787037746631,NA,NA,NA,"","HESS joint uncertainty requires positive semidefinite plug-in genetic and residual matrices",NA,NA,NA,NA,"hess","simulated-training-pool","region005","region","B","C","fit_45","cov","region005","native","conditional_gaussian_plugin_delta","conditional_gaussian_plugin_delta_normal","not_requested",FALSE,FALSE,FALSE,"available",FALSE,179
"hess_cov","region","cov",-0.000152228218576153,NA,NA,NA,"","HESS joint uncertainty requires positive semidefinite plug-in genetic and residual matrices",NA,NA,NA,NA,"hess","simulated-training-pool","region006","region","B","C","fit_46","cov","region006","native","conditional_gaussian_plugin_delta","conditional_gaussian_plugin_delta_normal","not_requested",FALSE,FALSE,FALSE,"available",FALSE,183
"hess_cov","region","cov",0.00557744778576542,0.00397874465532663,1.40181094011612,0.160971710679357,"","",NA,NA,NA,NA,"hess","simulated-training-pool","region007","region","B","C","fit_47","cov","region007","native","conditional_gaussian_plugin_delta","conditional_gaussian_plugin_delta_normal","not_requested",TRUE,TRUE,FALSE,"available",FALSE,187
"hess_cov","region","cov",0.00593210652640435,NA,NA,NA,"","HESS joint uncertainty requires positive semidefinite plug-in genetic and residual matrices",NA,NA,NA,NA,"hess","simulated-training-pool","region008","region","B","C","fit_48","cov","region008","native","conditional_gaussian_plugin_delta","conditional_gaussian_plugin_delta_normal","not_requested",FALSE,FALSE,FALSE,"available",FALSE,191
"hess_cov","region","cov",0.00279160388400755,0.00398347395882949,0.700796318203582,0.483430136095484,"","",NA,NA,NA,NA,"hess","simulated-training-pool","region009","region","B","C","fit_49","cov","region009","native","conditional_gaussian_plugin_delta","conditional_gaussian_plugin_delta_normal","not_requested",TRUE,TRUE,FALSE,"available",FALSE,195
"hess_cov","region","cov",0.00125848306196961,0.00412980616105386,0.304731750811391,0.760570465374564,"","",NA,NA,NA,NA,"hess","simulated-training-pool","region010","region","B","C","fit_50","cov","region010","native","conditional_gaussian_plugin_delta","conditional_gaussian_plugin_delta_normal","not_requested",TRUE,TRUE,FALSE,"available",FALSE,199
"hess_cov","region","cov",0.00243272774933566,NA,NA,NA,"","HESS joint uncertainty requires positive semidefinite plug-in genetic and residual matrices",NA,NA,NA,NA,"hess","simulated-training-pool","region011","region","B","C","fit_51","cov","region011","native","conditional_gaussian_plugin_delta","conditional_gaussian_plugin_delta_normal","not_requested",FALSE,FALSE,FALSE,"available",FALSE,203
"hess_cov","region","cov",0.00238824440634754,0.00419972513661997,0.568666836199107,0.569582257987009,"","",NA,NA,NA,NA,"hess","simulated-training-pool","region012","region","B","C","fit_52","cov","region012","native","conditional_gaussian_plugin_delta","conditional_gaussian_plugin_delta_normal","not_requested",TRUE,TRUE,FALSE,"available",FALSE,207
"hess_cov","region","cov",0.00157554971146141,NA,NA,NA,"","HESS joint uncertainty requires positive semidefinite plug-in genetic and residual matrices",NA,NA,NA,NA,"hess","simulated-training-pool","region013","region","B","C","fit_53","cov","region013","native","conditional_gaussian_plugin_delta","conditional_gaussian_plugin_delta_normal","not_requested",FALSE,FALSE,FALSE,"available",FALSE,211
"hess_cov","region","cov",0.00657111819569938,0.00429866318720495,1.52864225679705,0.126353154312313,"","",NA,NA,NA,NA,"hess","simulated-training-pool","region014","region","B","C","fit_54","cov","region014","native","conditional_gaussian_plugin_delta","conditional_gaussian_plugin_delta_normal","not_requested",TRUE,TRUE,FALSE,"available",FALSE,215
"hess_cov","region","cov",0.00516763361150765,NA,NA,NA,"","HESS joint uncertainty requires positive semidefinite plug-in genetic and residual matrices",NA,NA,NA,NA,"hess","simulated-training-pool","region015","region","B","C","fit_55","cov","region015","native","conditional_gaussian_plugin_delta","conditional_gaussian_plugin_delta_normal","not_requested",FALSE,FALSE,FALSE,"available",FALSE,219
"hess_cov","region","cov",0.00163753290070206,NA,NA,NA,"","HESS joint uncertainty requires positive semidefinite plug-in genetic and residual matrices",NA,NA,NA,NA,"hess","simulated-training-pool","region016","region","B","C","fit_56","cov","region016","native","conditional_gaussian_plugin_delta","conditional_gaussian_plugin_delta_normal","not_requested",FALSE,FALSE,FALSE,"available",FALSE,223
"hess_cov","region","cov",0.00368335200854968,NA,NA,NA,"","HESS joint uncertainty requires positive semidefinite plug-in genetic and residual matrices",NA,NA,NA,NA,"hess","simulated-training-pool","region017","region","B","C","fit_57","cov","region017","native","conditional_gaussian_plugin_delta","conditional_gaussian_plugin_delta_normal","not_requested",FALSE,FALSE,FALSE,"available",FALSE,227
"hess_cov","region","cov",0.0015106100207876,NA,NA,NA,"","HESS joint uncertainty requires positive semidefinite plug-in genetic and residual matrices",NA,NA,NA,NA,"hess","simulated-training-pool","region018","region","B","C","fit_58","cov","region018","native","conditional_gaussian_plugin_delta","conditional_gaussian_plugin_delta_normal","not_requested",FALSE,FALSE,FALSE,"available",FALSE,231
"hess_cov","region","cov",0.00310464390679718,NA,NA,NA,"","HESS joint uncertainty requires positive semidefinite plug-in genetic and residual matrices",NA,NA,NA,NA,"hess","simulated-training-pool","region019","region","B","C","fit_59","cov","region019","native","conditional_gaussian_plugin_delta","conditional_gaussian_plugin_delta_normal","not_requested",FALSE,FALSE,FALSE,"available",FALSE,235
"hess_cov","region","cov",0.00227187415441503,0.00360082837648813,0.630930973897394,0.528085658383258,"","",NA,NA,NA,NA,"hess","simulated-training-pool","region020","region","B","C","fit_60","cov","region020","native","conditional_gaussian_plugin_delta","conditional_gaussian_plugin_delta_normal","not_requested",TRUE,TRUE,FALSE,"available",FALSE,239
"supergnova_cov","region","cov",0.0615999278170833,0.0119119412155881,5.17127533642232,2.32501687589419e-07,"","",NA,NA,NA,NA,"supergnova","simulated-training-pool","region001","region","A","B","fit_1","cov","region001","native","spectral_wls","spectral_wls_normal","not_requested",TRUE,TRUE,FALSE,"available",FALSE,1
"supergnova_cov","region","cov",0.000938586000473393,0.00726485655373267,0.129195393402661,0.897203041195018,"","",NA,NA,NA,NA,"supergnova","simulated-training-pool","region002","region","A","B","fit_2","cov","region002","native","spectral_wls","spectral_wls_normal","not_requested",TRUE,TRUE,FALSE,"available",FALSE,2
"supergnova_cov","region","cov",7.2623852405413e-05,0.00311444360439994,0.0233184034229464,0.981396291896189,"","",NA,NA,NA,NA,"supergnova","simulated-training-pool","region003","region","A","B","fit_3","cov","region003","native","spectral_wls","spectral_wls_normal","not_requested",TRUE,TRUE,FALSE,"available",FALSE,3
"supergnova_cov","region","cov",0.00214525805736371,0.00259853084555313,0.825565746519765,0.409050472627463,"","",NA,NA,NA,NA,"supergnova","simulated-training-pool","region004","region","A","B","fit_4","cov","region004","native","spectral_wls","spectral_wls_normal","not_requested",TRUE,TRUE,FALSE,"available",FALSE,4
"supergnova_cov","region","cov",-0.00684585546570444,0.00310080544639285,-2.207766847697,0.0272605302030178,"","",NA,NA,NA,NA,"supergnova","simulated-training-pool","region005","region","A","B","fit_5","cov","region005","native","spectral_wls","spectral_wls_normal","not_requested",TRUE,TRUE,FALSE,"available",FALSE,5
"supergnova_cov","region","cov",0.000527649265611215,0.00315740374981374,0.167114917008109,0.86727962899105,"","",NA,NA,NA,NA,"supergnova","simulated-training-pool","region006","region","A","B","fit_6","cov","region006","native","spectral_wls","spectral_wls_normal","not_requested",TRUE,TRUE,FALSE,"available",FALSE,6
"supergnova_cov","region","cov",0.00175737416626448,0.00392994440031965,0.447175325463011,0.654748475530373,"","",NA,NA,NA,NA,"supergnova","simulated-training-pool","region007","region","A","B","fit_7","cov","region007","native","spectral_wls","spectral_wls_normal","not_requested",TRUE,TRUE,FALSE,"available",FALSE,7
"supergnova_cov","region","cov",0.00426097894023943,0.00376381632760246,1.1320900302682,0.257596585905544,"","",NA,NA,NA,NA,"supergnova","simulated-training-pool","region008","region","A","B","fit_8","cov","region008","native","spectral_wls","spectral_wls_normal","not_requested",TRUE,TRUE,FALSE,"available",FALSE,8
"supergnova_cov","region","cov",-0.00455392311300334,0.00257839277449359,-1.76618673386476,0.0773645259450487,"","",NA,NA,NA,NA,"supergnova","simulated-training-pool","region009","region","A","B","fit_9","cov","region009","native","spectral_wls","spectral_wls_normal","not_requested",TRUE,TRUE,FALSE,"available",FALSE,9
"supergnova_cov","region","cov",-0.00119312160802888,0.00316363493899873,-0.3771363102996,0.706072308363556,"","",NA,NA,NA,NA,"supergnova","simulated-training-pool","region010","region","A","B","fit_10","cov","region010","native","spectral_wls","spectral_wls_normal","not_requested",TRUE,TRUE,FALSE,"available",FALSE,10
"supergnova_cov","region","cov",0.00108180639930101,0.00383251598867702,0.282270550859319,0.77773606481498,"","",NA,NA,NA,NA,"supergnova","simulated-training-pool","region011","region","A","B","fit_11","cov","region011","native","spectral_wls","spectral_wls_normal","not_requested",TRUE,TRUE,FALSE,"available",FALSE,11
"supergnova_cov","region","cov",-0.000331447587342184,0.00310363408603528,-0.106793384192268,0.914952896109821,"","",NA,NA,NA,NA,"supergnova","simulated-training-pool","region012","region","A","B","fit_12","cov","region012","native","spectral_wls","spectral_wls_normal","not_requested",TRUE,TRUE,FALSE,"available",FALSE,12
"supergnova_cov","region","cov",-0.000981328182019551,0.00405829914484827,-0.241807749255074,0.808929134040504,"","",NA,NA,NA,NA,"supergnova","simulated-training-pool","region013","region","A","B","fit_13","cov","region013","native","spectral_wls","spectral_wls_normal","not_requested",TRUE,TRUE,FALSE,"available",FALSE,13
"supergnova_cov","region","cov",8.2518776143488e-05,0.00414416276891886,0.0199120499711974,0.984113532564524,"","",NA,NA,NA,NA,"supergnova","simulated-training-pool","region014","region","A","B","fit_14","cov","region014","native","spectral_wls","spectral_wls_normal","not_requested",TRUE,TRUE,FALSE,"available",FALSE,14
"supergnova_cov","region","cov",-0.000314508316827768,0.00295888042207203,-0.106293013560692,0.915349874559941,"","",NA,NA,NA,NA,"supergnova","simulated-training-pool","region015","region","A","B","fit_15","cov","region015","native","spectral_wls","spectral_wls_normal","not_requested",TRUE,TRUE,FALSE,"available",FALSE,15
"supergnova_cov","region","cov",0.000192165391683318,0.00368062730072376,0.0522099566140615,0.958361399524653,"","",NA,NA,NA,NA,"supergnova","simulated-training-pool","region016","region","A","B","fit_16","cov","region016","native","spectral_wls","spectral_wls_normal","not_requested",TRUE,TRUE,FALSE,"available",FALSE,16
"supergnova_cov","region","cov",-0.00401788370829027,0.00263003623306224,-1.52769138986808,0.126589178880705,"","",NA,NA,NA,NA,"supergnova","simulated-training-pool","region017","region","A","B","fit_17","cov","region017","native","spectral_wls","spectral_wls_normal","not_requested",TRUE,TRUE,FALSE,"available",FALSE,17
"supergnova_cov","region","cov",0.00119286093747848,0.00311151869744798,0.383369361867195,0.701445916893676,"","",NA,NA,NA,NA,"supergnova","simulated-training-pool","region018","region","A","B","fit_18","cov","region018","native","spectral_wls","spectral_wls_normal","not_requested",TRUE,TRUE,FALSE,"available",FALSE,18
"supergnova_cov","region","cov",0.0002367610875634,0.00384715706918069,0.0615418303193485,0.95092770174289,"","",NA,NA,NA,NA,"supergnova","simulated-training-pool","region019","region","A","B","fit_19","cov","region019","native","spectral_wls","spectral_wls_normal","not_requested",TRUE,TRUE,FALSE,"available",FALSE,19
"supergnova_cov","region","cov",0.00372186970788107,0.00370318536301941,1.00504547923748,0.314874951118563,"","",NA,NA,NA,NA,"supergnova","simulated-training-pool","region020","region","A","B","fit_20","cov","region020","native","spectral_wls","spectral_wls_normal","not_requested",TRUE,TRUE,FALSE,"available",FALSE,20
"supergnova_cov","region","cov",0.0413407270655458,0.00985651248131177,4.19425503127288,2.73769831790895e-05,"","",NA,NA,NA,NA,"supergnova","simulated-training-pool","region001","region","A","C","fit_21","cov","region001","native","spectral_wls","spectral_wls_normal","not_requested",TRUE,TRUE,FALSE,"available",FALSE,21
"supergnova_cov","region","cov",-0.00412500110983216,0.00872360237528419,-0.472855241719769,0.636316459173533,"","",NA,NA,NA,NA,"supergnova","simulated-training-pool","region002","region","A","C","fit_22","cov","region002","native","spectral_wls","spectral_wls_normal","not_requested",TRUE,TRUE,FALSE,"available",FALSE,22
"supergnova_cov","region","cov",0.00728707588255076,0.00335093959128247,2.17463660088299,0.0296573592889618,"","",NA,NA,NA,NA,"supergnova","simulated-training-pool","region003","region","A","C","fit_23","cov","region003","native","spectral_wls","spectral_wls_normal","not_requested",TRUE,TRUE,FALSE,"available",FALSE,23
"supergnova_cov","region","cov",-0.000354991344494764,0.00257980922602955,-0.137603719264588,0.890553615946525,"","",NA,NA,NA,NA,"supergnova","simulated-training-pool","region004","region","A","C","fit_24","cov","region004","native","spectral_wls","spectral_wls_normal","not_requested",TRUE,TRUE,FALSE,"available",FALSE,24
"supergnova_cov","region","cov",-0.00160012793035048,0.0031430544867729,-0.509099647201278,0.610682379097519,"","",NA,NA,NA,NA,"supergnova","simulated-training-pool","region005","region","A","C","fit_25","cov","region005","native","spectral_wls","spectral_wls_normal","not_requested",TRUE,TRUE,FALSE,"available",FALSE,25
"supergnova_cov","region","cov",-0.00152504591537797,0.00301717832015861,-0.505454352892803,0.613239751597029,"","",NA,NA,NA,NA,"supergnova","simulated-training-pool","region006","region","A","C","fit_26","cov","region006","native","spectral_wls","spectral_wls_normal","not_requested",TRUE,TRUE,FALSE,"available",FALSE,26
"supergnova_cov","region","cov",0.00994006233194958,0.00371809148822718,2.67343134600733,0.00750796422955167,"","",NA,NA,NA,NA,"supergnova","simulated-training-pool","region007","region","A","C","fit_27","cov","region007","native","spectral_wls","spectral_wls_normal","not_requested",TRUE,TRUE,FALSE,"available",FALSE,27
"supergnova_cov","region","cov",0.00313343147002755,0.00347288155484185,0.902256935788368,0.366920396076374,"","",NA,NA,NA,NA,"supergnova","simulated-training-pool","region008","region","A","C","fit_28","cov","region008","native","spectral_wls","spectral_wls_normal","not_requested",TRUE,TRUE,FALSE,"available",FALSE,28
"supergnova_cov","region","cov",0.0019177988551722,0.00309709509784615,0.619225046239595,0.535768114172407,"","",NA,NA,NA,NA,"supergnova","simulated-training-pool","region009","region","A","C","fit_29","cov","region009","native","spectral_wls","spectral_wls_normal","not_requested",TRUE,TRUE,FALSE,"available",FALSE,29
"supergnova_cov","region","cov",0.00333602866241214,0.00501901612683431,0.664677812963376,0.50625658771804,"","",NA,NA,NA,NA,"supergnova","simulated-training-pool","region010","region","A","C","fit_30","cov","region010","native","spectral_wls","spectral_wls_normal","not_requested",TRUE,TRUE,FALSE,"available",FALSE,30
"supergnova_cov","region","cov",-0.00178163956721049,0.00390388311688176,-0.456376257656399,0.648119435769304,"","",NA,NA,NA,NA,"supergnova","simulated-training-pool","region011","region","A","C","fit_31","cov","region011","native","spectral_wls","spectral_wls_normal","not_requested",TRUE,TRUE,FALSE,"available",FALSE,31
"supergnova_cov","region","cov",-0.0059878664394342,0.00390877285204052,-1.53190442783298,0.125546020712439,"","",NA,NA,NA,NA,"supergnova","simulated-training-pool","region012","region","A","C","fit_32","cov","region012","native","spectral_wls","spectral_wls_normal","not_requested",TRUE,TRUE,FALSE,"available",FALSE,32
"supergnova_cov","region","cov",-0.000186665588120699,0.00353717177145641,-0.0527725539446564,0.957913129798056,"","",NA,NA,NA,NA,"supergnova","simulated-training-pool","region013","region","A","C","fit_33","cov","region013","native","spectral_wls","spectral_wls_normal","not_requested",TRUE,TRUE,FALSE,"available",FALSE,33
"supergnova_cov","region","cov",0.00576951676357014,0.00465820053242397,1.23857200294636,0.215504041658499,"","",NA,NA,NA,NA,"supergnova","simulated-training-pool","region014","region","A","C","fit_34","cov","region014","native","spectral_wls","spectral_wls_normal","not_requested",TRUE,TRUE,FALSE,"available",FALSE,34
"supergnova_cov","region","cov",0.00331198969183459,0.003462925507256,0.956413785077055,0.33886322293293,"","",NA,NA,NA,NA,"supergnova","simulated-training-pool","region015","region","A","C","fit_35","cov","region015","native","spectral_wls","spectral_wls_normal","not_requested",TRUE,TRUE,FALSE,"available",FALSE,35
"supergnova_cov","region","cov",0.00243338482896248,0.00338623582778696,0.718610561318404,0.472380904234489,"","",NA,NA,NA,NA,"supergnova","simulated-training-pool","region016","region","A","C","fit_36","cov","region016","native","spectral_wls","spectral_wls_normal","not_requested",TRUE,TRUE,FALSE,"available",FALSE,36
"supergnova_cov","region","cov",-0.000188192562553384,0.00347176181104939,-0.0542066457308312,0.956770525943855,"","",NA,NA,NA,NA,"supergnova","simulated-training-pool","region017","region","A","C","fit_37","cov","region017","native","spectral_wls","spectral_wls_normal","not_requested",TRUE,TRUE,FALSE,"available",FALSE,37
"supergnova_cov","region","cov",0.00232941102774192,0.00208424193038062,1.11762986522228,0.263725108069716,"","",NA,NA,NA,NA,"supergnova","simulated-training-pool","region018","region","A","C","fit_38","cov","region018","native","spectral_wls","spectral_wls_normal","not_requested",TRUE,TRUE,FALSE,"available",FALSE,38
"supergnova_cov","region","cov",-0.00215444326277453,0.00320182443403999,-0.672879886813812,0.501023708983781,"","",NA,NA,NA,NA,"supergnova","simulated-training-pool","region019","region","A","C","fit_39","cov","region019","native","spectral_wls","spectral_wls_normal","not_requested",TRUE,TRUE,FALSE,"available",FALSE,39
"supergnova_cov","region","cov",0.00366867951579962,0.00359252982885892,1.021196674925,0.307161267390001,"","",NA,NA,NA,NA,"supergnova","simulated-training-pool","region020","region","A","C","fit_40","cov","region020","native","spectral_wls","spectral_wls_normal","not_requested",TRUE,TRUE,FALSE,"available",FALSE,40
"supergnova_cov","region","cov",0.0705428472583255,0.0132905070408746,5.30776192671753,1.10979463152864e-07,"","",NA,NA,NA,NA,"supergnova","simulated-training-pool","region001","region","B","C","fit_41","cov","region001","native","spectral_wls","spectral_wls_normal","not_requested",TRUE,TRUE,FALSE,"available",FALSE,41
"supergnova_cov","region","cov",0.052506106117267,0.00784046073940537,6.69681385602463,2.1301267039196e-11,"","",NA,NA,NA,NA,"supergnova","simulated-training-pool","region002","region","B","C","fit_42","cov","region002","native","spectral_wls","spectral_wls_normal","not_requested",TRUE,TRUE,FALSE,"available",FALSE,42
"supergnova_cov","region","cov",0.000327501206570255,0.00303323601948288,0.107970894604531,0.91401877995164,"","",NA,NA,NA,NA,"supergnova","simulated-training-pool","region003","region","B","C","fit_43","cov","region003","native","spectral_wls","spectral_wls_normal","not_requested",TRUE,TRUE,FALSE,"available",FALSE,43
"supergnova_cov","region","cov",0.0060781758691122,0.00330540281559195,1.83886086150855,0.0659356537259757,"","",NA,NA,NA,NA,"supergnova","simulated-training-pool","region004","region","B","C","fit_44","cov","region004","native","spectral_wls","spectral_wls_normal","not_requested",TRUE,TRUE,FALSE,"available",FALSE,44
"supergnova_cov","region","cov",0.00603646457595987,0.00392455597808641,1.53812676126057,0.124017623850984,"","",NA,NA,NA,NA,"supergnova","simulated-training-pool","region005","region","B","C","fit_45","cov","region005","native","spectral_wls","spectral_wls_normal","not_requested",TRUE,TRUE,FALSE,"available",FALSE,45
"supergnova_cov","region","cov",3.52519604614699e-05,0.00330158222876361,0.0106772928913757,0.991480914720237,"","",NA,NA,NA,NA,"supergnova","simulated-training-pool","region006","region","B","C","fit_46","cov","region006","native","spectral_wls","spectral_wls_normal","not_requested",TRUE,TRUE,FALSE,"available",FALSE,46
"supergnova_cov","region","cov",0.00643047838502283,0.0039334097629861,1.63483561909427,0.102083511676135,"","",NA,NA,NA,NA,"supergnova","simulated-training-pool","region007","region","B","C","fit_47","cov","region007","native","spectral_wls","spectral_wls_normal","not_requested",TRUE,TRUE,FALSE,"available",FALSE,47
"supergnova_cov","region","cov",0.00538247632498512,0.00370709354420217,1.45193970985793,0.146518369832355,"","",NA,NA,NA,NA,"supergnova","simulated-training-pool","region008","region","B","C","fit_48","cov","region008","native","spectral_wls","spectral_wls_normal","not_requested",TRUE,TRUE,FALSE,"available",FALSE,48
"supergnova_cov","region","cov",0.000797028798125829,0.00353837026210813,0.225253079549387,0.821782398766504,"","",NA,NA,NA,NA,"supergnova","simulated-training-pool","region009","region","B","C","fit_49","cov","region009","native","spectral_wls","spectral_wls_normal","not_requested",TRUE,TRUE,FALSE,"available",FALSE,49
"supergnova_cov","region","cov",0.00124559342274762,0.0034544040635371,0.360581275333553,0.718412489043031,"","",NA,NA,NA,NA,"supergnova","simulated-training-pool","region010","region","B","C","fit_50","cov","region010","native","spectral_wls","spectral_wls_normal","not_requested",TRUE,TRUE,FALSE,"available",FALSE,50
"supergnova_cov","region","cov",0.000991901903876211,0.00327689841339288,0.302695347473162,0.762122043739637,"","",NA,NA,NA,NA,"supergnova","simulated-training-pool","region011","region","B","C","fit_51","cov","region011","native","spectral_wls","spectral_wls_normal","not_requested",TRUE,TRUE,FALSE,"available",FALSE,51
"supergnova_cov","region","cov",-0.00040488683992757,0.00453622635599859,-0.0892563131009012,0.928878212533968,"","",NA,NA,NA,NA,"supergnova","simulated-training-pool","region012","region","B","C","fit_52","cov","region012","native","spectral_wls","spectral_wls_normal","not_requested",TRUE,TRUE,FALSE,"available",FALSE,52
"supergnova_cov","region","cov",0.00146377306217794,0.00267529328929298,0.547144893622031,0.584279191647394,"","",NA,NA,NA,NA,"supergnova","simulated-training-pool","region013","region","B","C","fit_53","cov","region013","native","spectral_wls","spectral_wls_normal","not_requested",TRUE,TRUE,FALSE,"available",FALSE,53
"supergnova_cov","region","cov",0.0061325616949522,0.0041844687528542,1.4655532296111,0.142770040894287,"","",NA,NA,NA,NA,"supergnova","simulated-training-pool","region014","region","B","C","fit_54","cov","region014","native","spectral_wls","spectral_wls_normal","not_requested",TRUE,TRUE,FALSE,"available",FALSE,54
"supergnova_cov","region","cov",0.00468386188128076,0.00364916212694936,1.28354447359027,0.199301388898488,"","",NA,NA,NA,NA,"supergnova","simulated-training-pool","region015","region","B","C","fit_55","cov","region015","native","spectral_wls","spectral_wls_normal","not_requested",TRUE,TRUE,FALSE,"available",FALSE,55
"supergnova_cov","region","cov",0.000856809657019929,0.0036215228292234,0.236588224739609,0.812976256186996,"","",NA,NA,NA,NA,"supergnova","simulated-training-pool","region016","region","B","C","fit_56","cov","region016","native","spectral_wls","spectral_wls_normal","not_requested",TRUE,TRUE,FALSE,"available",FALSE,56
"supergnova_cov","region","cov",0.00368840284642966,0.00276121902535979,1.33578785766517,0.181618622863963,"","",NA,NA,NA,NA,"supergnova","simulated-training-pool","region017","region","B","C","fit_57","cov","region017","native","spectral_wls","spectral_wls_normal","not_requested",TRUE,TRUE,FALSE,"available",FALSE,57
"supergnova_cov","region","cov",0.000536862151832419,0.0028500776574865,0.188367552169045,0.850588533980717,"","",NA,NA,NA,NA,"supergnova","simulated-training-pool","region018","region","B","C","fit_58","cov","region018","native","spectral_wls","spectral_wls_normal","not_requested",TRUE,TRUE,FALSE,"available",FALSE,58
"supergnova_cov","region","cov",0.000701684908099195,0.00268907479498104,0.260939156251377,0.794139428247658,"","",NA,NA,NA,NA,"supergnova","simulated-training-pool","region019","region","B","C","fit_59","cov","region019","native","spectral_wls","spectral_wls_normal","not_requested",TRUE,TRUE,FALSE,"available",FALSE,59
"supergnova_cov","region","cov",0.00283987652114755,0.00307467509240548,0.923634672216948,0.355676555411051,"","",NA,NA,NA,NA,"supergnova","simulated-training-pool","region020","region","B","C","fit_60","cov","region020","native","spectral_wls","spectral_wls_normal","not_requested",TRUE,TRUE,FALSE,"available",FALSE,60
"lava_cov","region","cov",0.0579805759858094,NA,NA,NA,"","LAVA estimator uncertainty is not implemented; see separate trait-specific univariate test",NA,NA,NA,NA,"lava","simulated-training-pool","region001","region","A","B","fit_1","cov","region001","continuous","not_supplied","not_requested","not_requested",FALSE,FALSE,FALSE,"available",FALSE,4
"lava_cov","region","cov",0.0393795785546215,NA,NA,NA,"","LAVA estimator uncertainty is not implemented; see separate trait-specific univariate test",NA,NA,NA,NA,"lava","simulated-training-pool","region001","region","A","C","fit_1","cov","region001","continuous","not_supplied","not_requested","not_requested",FALSE,FALSE,FALSE,"available",FALSE,6
"lava_cov","region","cov",0.0658007228789315,NA,NA,NA,"","LAVA estimator uncertainty is not implemented; see separate trait-specific univariate test",NA,NA,NA,NA,"lava","simulated-training-pool","region001","region","B","C","fit_1","cov","region001","continuous","not_supplied","not_requested","not_requested",FALSE,FALSE,FALSE,"available",FALSE,8
"lava_cov","region","cov",0.00106749991974913,NA,NA,NA,"","LAVA estimator uncertainty is not implemented; see separate trait-specific univariate test",NA,NA,NA,NA,"lava","simulated-training-pool","region002","region","A","B","fit_2","cov","region002","continuous","not_supplied","not_requested","not_requested",FALSE,FALSE,FALSE,"available",FALSE,13
"lava_cov","region","cov",-0.00371887790189081,NA,NA,NA,"","LAVA estimator uncertainty is not implemented; see separate trait-specific univariate test",NA,NA,NA,NA,"lava","simulated-training-pool","region002","region","A","C","fit_2","cov","region002","continuous","not_supplied","not_requested","not_requested",FALSE,FALSE,FALSE,"available",FALSE,15
"lava_cov","region","cov",0.0498039105394576,NA,NA,NA,"","LAVA estimator uncertainty is not implemented; see separate trait-specific univariate test",NA,NA,NA,NA,"lava","simulated-training-pool","region002","region","B","C","fit_2","cov","region002","continuous","not_supplied","not_requested","not_requested",FALSE,FALSE,FALSE,"available",FALSE,17
"lava_cov","region","cov",-0.00066864692153646,NA,NA,NA,"","LAVA estimator uncertainty is not implemented; see separate trait-specific univariate test",NA,NA,NA,NA,"lava","simulated-training-pool","region003","region","A","B","fit_3","cov","region003","continuous","not_supplied","not_requested","not_requested",FALSE,FALSE,FALSE,"available",FALSE,22
"lava_cov","region","cov",0.0071115957850349,NA,NA,NA,"","LAVA estimator uncertainty is not implemented; see separate trait-specific univariate test",NA,NA,NA,NA,"lava","simulated-training-pool","region003","region","A","C","fit_3","cov","region003","continuous","not_supplied","not_requested","not_requested",FALSE,FALSE,FALSE,"available",FALSE,24
"lava_cov","region","cov",0.000397677381451744,NA,NA,NA,"","LAVA estimator uncertainty is not implemented; see separate trait-specific univariate test",NA,NA,NA,NA,"lava","simulated-training-pool","region003","region","B","C","fit_3","cov","region003","continuous","not_supplied","not_requested","not_requested",FALSE,FALSE,FALSE,"available",FALSE,26
"lava_cov","region","cov",-3.97973011017954e-06,NA,NA,NA,"","LAVA estimator uncertainty is not implemented; see separate trait-specific univariate test",NA,NA,NA,NA,"lava","simulated-training-pool","region004","region","A","B","fit_4","cov","region004","continuous","not_supplied","not_requested","not_requested",FALSE,FALSE,FALSE,"available",FALSE,31
"lava_cov","region","cov",-0.00199640706533182,NA,NA,NA,"","LAVA estimator uncertainty is not implemented; see separate trait-specific univariate test",NA,NA,NA,NA,"lava","simulated-training-pool","region004","region","A","C","fit_4","cov","region004","continuous","not_supplied","not_requested","not_requested",FALSE,FALSE,FALSE,"available",FALSE,33
"lava_cov","region","cov",0.00467099647802251,NA,NA,NA,"","LAVA estimator uncertainty is not implemented; see separate trait-specific univariate test",NA,NA,NA,NA,"lava","simulated-training-pool","region004","region","B","C","fit_4","cov","region004","continuous","not_supplied","not_requested","not_requested",FALSE,FALSE,FALSE,"available",FALSE,35
"lava_cov","region","cov",-0.00722504740283689,NA,NA,NA,"","LAVA estimator uncertainty is not implemented; see separate trait-specific univariate test",NA,NA,NA,NA,"lava","simulated-training-pool","region005","region","A","B","fit_5","cov","region005","continuous","not_supplied","not_requested","not_requested",FALSE,FALSE,FALSE,"available",FALSE,40
"lava_cov","region","cov",-0.00311795152121786,NA,NA,NA,"","LAVA estimator uncertainty is not implemented; see separate trait-specific univariate test",NA,NA,NA,NA,"lava","simulated-training-pool","region005","region","A","C","fit_5","cov","region005","continuous","not_supplied","not_requested","not_requested",FALSE,FALSE,FALSE,"available",FALSE,42
"lava_cov","region","cov",0.00488501638983441,NA,NA,NA,"","LAVA estimator uncertainty is not implemented; see separate trait-specific univariate test",NA,NA,NA,NA,"lava","simulated-training-pool","region005","region","B","C","fit_5","cov","region005","continuous","not_supplied","not_requested","not_requested",FALSE,FALSE,FALSE,"available",FALSE,44
"lava_cov","region","cov",0.00222111280174414,NA,NA,NA,"","LAVA estimator uncertainty is not implemented; see separate trait-specific univariate test",NA,NA,NA,NA,"lava","simulated-training-pool","region006","region","A","B","fit_6","cov","region006","continuous","not_supplied","not_requested","not_requested",FALSE,FALSE,FALSE,"available",FALSE,49
"lava_cov","region","cov",-0.000470005469576761,NA,NA,NA,"","LAVA estimator uncertainty is not implemented; see separate trait-specific univariate test",NA,NA,NA,NA,"lava","simulated-training-pool","region006","region","A","C","fit_6","cov","region006","continuous","not_supplied","not_requested","not_requested",FALSE,FALSE,FALSE,"available",FALSE,51
"lava_cov","region","cov",-0.00015222255189281,NA,NA,NA,"","LAVA estimator uncertainty is not implemented; see separate trait-specific univariate test",NA,NA,NA,NA,"lava","simulated-training-pool","region006","region","B","C","fit_6","cov","region006","continuous","not_supplied","not_requested","not_requested",FALSE,FALSE,FALSE,"available",FALSE,53
"lava_cov","region","cov",0.00104647209777505,NA,NA,NA,"","LAVA estimator uncertainty is not implemented; see separate trait-specific univariate test",NA,NA,NA,NA,"lava","simulated-training-pool","region007","region","A","B","fit_7","cov","region007","continuous","not_supplied","not_requested","not_requested",FALSE,FALSE,FALSE,"available",FALSE,58
"lava_cov","region","cov",0.009957691145983,NA,NA,NA,"","LAVA estimator uncertainty is not implemented; see separate trait-specific univariate test",NA,NA,NA,NA,"lava","simulated-training-pool","region007","region","A","C","fit_7","cov","region007","continuous","not_supplied","not_requested","not_requested",FALSE,FALSE,FALSE,"available",FALSE,60
"lava_cov","region","cov",0.00557701781133813,NA,NA,NA,"","LAVA estimator uncertainty is not implemented; see separate trait-specific univariate test",NA,NA,NA,NA,"lava","simulated-training-pool","region007","region","B","C","fit_7","cov","region007","continuous","not_supplied","not_requested","not_requested",FALSE,FALSE,FALSE,"available",FALSE,62
"lava_cov","region","cov",0.00589988358516315,NA,NA,NA,"","LAVA estimator uncertainty is not implemented; see separate trait-specific univariate test",NA,NA,NA,NA,"lava","simulated-training-pool","region008","region","A","B","fit_8","cov","region008","continuous","not_supplied","not_requested","not_requested",FALSE,FALSE,FALSE,"available",FALSE,67
"lava_cov","region","cov",0.00282403225594327,NA,NA,NA,"","LAVA estimator uncertainty is not implemented; see separate trait-specific univariate test",NA,NA,NA,NA,"lava","simulated-training-pool","region008","region","A","C","fit_8","cov","region008","continuous","not_supplied","not_requested","not_requested",FALSE,FALSE,FALSE,"available",FALSE,69
"lava_cov","region","cov",0.00592798925319606,NA,NA,NA,"","LAVA estimator uncertainty is not implemented; see separate trait-specific univariate test",NA,NA,NA,NA,"lava","simulated-training-pool","region008","region","B","C","fit_8","cov","region008","continuous","not_supplied","not_requested","not_requested",FALSE,FALSE,FALSE,"available",FALSE,71
"lava_cov","region","cov",-0.00638026704314947,NA,NA,NA,"","LAVA estimator uncertainty is not implemented; see separate trait-specific univariate test",NA,NA,NA,NA,"lava","simulated-training-pool","region009","region","A","B","fit_9","cov","region009","continuous","not_supplied","not_requested","not_requested",FALSE,FALSE,FALSE,"available",FALSE,76
"lava_cov","region","cov",0.000273410847503599,NA,NA,NA,"","LAVA estimator uncertainty is not implemented; see separate trait-specific univariate test",NA,NA,NA,NA,"lava","simulated-training-pool","region009","region","A","C","fit_9","cov","region009","continuous","not_supplied","not_requested","not_requested",FALSE,FALSE,FALSE,"available",FALSE,78
"lava_cov","region","cov",0.00279117066909777,NA,NA,NA,"","LAVA estimator uncertainty is not implemented; see separate trait-specific univariate test",NA,NA,NA,NA,"lava","simulated-training-pool","region009","region","B","C","fit_9","cov","region009","continuous","not_supplied","not_requested","not_requested",FALSE,FALSE,FALSE,"available",FALSE,80
"lava_cov","region","cov",-0.00367815389646154,NA,NA,NA,"","LAVA estimator uncertainty is not implemented; see separate trait-specific univariate test",NA,NA,NA,NA,"lava","simulated-training-pool","region010","region","A","B","fit_10","cov","region010","continuous","not_supplied","not_requested","not_requested",FALSE,FALSE,FALSE,"available",FALSE,85
"lava_cov","region","cov",0.00162107559715927,NA,NA,NA,"","LAVA estimator uncertainty is not implemented; see separate trait-specific univariate test",NA,NA,NA,NA,"lava","simulated-training-pool","region010","region","A","C","fit_10","cov","region010","continuous","not_supplied","not_requested","not_requested",FALSE,FALSE,FALSE,"available",FALSE,87
"lava_cov","region","cov",0.00125668329443191,NA,NA,NA,"","LAVA estimator uncertainty is not implemented; see separate trait-specific univariate test",NA,NA,NA,NA,"lava","simulated-training-pool","region010","region","B","C","fit_10","cov","region010","continuous","not_supplied","not_requested","not_requested",FALSE,FALSE,FALSE,"available",FALSE,89
"lava_cov","region","cov",-6.13568449927753e-06,NA,NA,NA,"","LAVA estimator uncertainty is not implemented; see separate trait-specific univariate test",NA,NA,NA,NA,"lava","simulated-training-pool","region011","region","A","B","fit_11","cov","region011","continuous","not_supplied","not_requested","not_requested",FALSE,FALSE,FALSE,"available",FALSE,94
"lava_cov","region","cov",-0.00272451886980445,NA,NA,NA,"","LAVA estimator uncertainty is not implemented; see separate trait-specific univariate test",NA,NA,NA,NA,"lava","simulated-training-pool","region011","region","A","C","fit_11","cov","region011","continuous","not_supplied","not_requested","not_requested",FALSE,FALSE,FALSE,"available",FALSE,96
"lava_cov","region","cov",0.00243351039673192,NA,NA,NA,"","LAVA estimator uncertainty is not implemented; see separate trait-specific univariate test",NA,NA,NA,NA,"lava","simulated-training-pool","region011","region","B","C","fit_11","cov","region011","continuous","not_supplied","not_requested","not_requested",FALSE,FALSE,FALSE,"available",FALSE,98
"lava_cov","region","cov",-0.000899111818423167,NA,NA,NA,"","LAVA estimator uncertainty is not implemented; see separate trait-specific univariate test",NA,NA,NA,NA,"lava","simulated-training-pool","region012","region","A","B","fit_12","cov","region012","continuous","not_supplied","not_requested","not_requested",FALSE,FALSE,FALSE,"available",FALSE,103
"lava_cov","region","cov",-0.00525129683976069,NA,NA,NA,"","LAVA estimator uncertainty is not implemented; see separate trait-specific univariate test",NA,NA,NA,NA,"lava","simulated-training-pool","region012","region","A","C","fit_12","cov","region012","continuous","not_supplied","not_requested","not_requested",FALSE,FALSE,FALSE,"available",FALSE,105
"lava_cov","region","cov",0.0023907584406942,NA,NA,NA,"","LAVA estimator uncertainty is not implemented; see separate trait-specific univariate test",NA,NA,NA,NA,"lava","simulated-training-pool","region012","region","B","C","fit_12","cov","region012","continuous","not_supplied","not_requested","not_requested",FALSE,FALSE,FALSE,"available",FALSE,107
"lava_cov","region","cov",-0.00158371628048525,NA,NA,NA,"","LAVA estimator uncertainty is not implemented; see separate trait-specific univariate test",NA,NA,NA,NA,"lava","simulated-training-pool","region013","region","A","B","fit_13","cov","region013","continuous","not_supplied","not_requested","not_requested",FALSE,FALSE,FALSE,"available",FALSE,112
"lava_cov","region","cov",-0.00130549923271541,NA,NA,NA,"","LAVA estimator uncertainty is not implemented; see separate trait-specific univariate test",NA,NA,NA,NA,"lava","simulated-training-pool","region013","region","A","C","fit_13","cov","region013","continuous","not_supplied","not_requested","not_requested",FALSE,FALSE,FALSE,"available",FALSE,114
"lava_cov","region","cov",0.00157322468658048,NA,NA,NA,"","LAVA estimator uncertainty is not implemented; see separate trait-specific univariate test",NA,NA,NA,NA,"lava","simulated-training-pool","region013","region","B","C","fit_13","cov","region013","continuous","not_supplied","not_requested","not_requested",FALSE,FALSE,FALSE,"available",FALSE,116
"lava_cov","region","cov",4.50848031061479e-05,NA,NA,NA,"","LAVA estimator uncertainty is not implemented; see separate trait-specific univariate test",NA,NA,NA,NA,"lava","simulated-training-pool","region014","region","A","B","fit_14","cov","region014","continuous","not_supplied","not_requested","not_requested",FALSE,FALSE,FALSE,"available",FALSE,121
"lava_cov","region","cov",0.00505205747343254,NA,NA,NA,"","LAVA estimator uncertainty is not implemented; see separate trait-specific univariate test",NA,NA,NA,NA,"lava","simulated-training-pool","region014","region","A","C","fit_14","cov","region014","continuous","not_supplied","not_requested","not_requested",FALSE,FALSE,FALSE,"available",FALSE,123
"lava_cov","region","cov",0.00656807849213262,NA,NA,NA,"","LAVA estimator uncertainty is not implemented; see separate trait-specific univariate test",NA,NA,NA,NA,"lava","simulated-training-pool","region014","region","B","C","fit_14","cov","region014","continuous","not_supplied","not_requested","not_requested",FALSE,FALSE,FALSE,"available",FALSE,125
"lava_cov","region","cov",-0.00115946648732881,NA,NA,NA,"","LAVA estimator uncertainty is not implemented; see separate trait-specific univariate test",NA,NA,NA,NA,"lava","simulated-training-pool","region015","region","A","B","fit_15","cov","region015","continuous","not_supplied","not_requested","not_requested",FALSE,FALSE,FALSE,"available",FALSE,130
"lava_cov","region","cov",0.00349329841743614,NA,NA,NA,"","LAVA estimator uncertainty is not implemented; see separate trait-specific univariate test",NA,NA,NA,NA,"lava","simulated-training-pool","region015","region","A","C","fit_15","cov","region015","continuous","not_supplied","not_requested","not_requested",FALSE,FALSE,FALSE,"available",FALSE,132
"lava_cov","region","cov",0.0051645942836494,NA,NA,NA,"","LAVA estimator uncertainty is not implemented; see separate trait-specific univariate test",NA,NA,NA,NA,"lava","simulated-training-pool","region015","region","B","C","fit_15","cov","region015","continuous","not_supplied","not_requested","not_requested",FALSE,FALSE,FALSE,"available",FALSE,134
"lava_cov","region","cov",0.000755064196536396,NA,NA,NA,"","LAVA estimator uncertainty is not implemented; see separate trait-specific univariate test",NA,NA,NA,NA,"lava","simulated-training-pool","region016","region","A","B","fit_16","cov","region016","continuous","not_supplied","not_requested","not_requested",FALSE,FALSE,FALSE,"available",FALSE,139
"lava_cov","region","cov",0.00270178897043392,NA,NA,NA,"","LAVA estimator uncertainty is not implemented; see separate trait-specific univariate test",NA,NA,NA,NA,"lava","simulated-training-pool","region016","region","A","C","fit_16","cov","region016","continuous","not_supplied","not_requested","not_requested",FALSE,FALSE,FALSE,"available",FALSE,141
"lava_cov","region","cov",0.00163791788587427,NA,NA,NA,"","LAVA estimator uncertainty is not implemented; see separate trait-specific univariate test",NA,NA,NA,NA,"lava","simulated-training-pool","region016","region","B","C","fit_16","cov","region016","continuous","not_supplied","not_requested","not_requested",FALSE,FALSE,FALSE,"available",FALSE,143
"lava_cov","region","cov",-0.0041689612482501,NA,NA,NA,"","LAVA estimator uncertainty is not implemented; see separate trait-specific univariate test",NA,NA,NA,NA,"lava","simulated-training-pool","region017","region","A","B","fit_17","cov","region017","continuous","not_supplied","not_requested","not_requested",FALSE,FALSE,FALSE,"available",FALSE,148
"lava_cov","region","cov",-0.00187420174135426,NA,NA,NA,"","LAVA estimator uncertainty is not implemented; see separate trait-specific univariate test",NA,NA,NA,NA,"lava","simulated-training-pool","region017","region","A","C","fit_17","cov","region017","continuous","not_supplied","not_requested","not_requested",FALSE,FALSE,FALSE,"available",FALSE,150
"lava_cov","region","cov",0.00368602981297961,NA,NA,NA,"","LAVA estimator uncertainty is not implemented; see separate trait-specific univariate test",NA,NA,NA,NA,"lava","simulated-training-pool","region017","region","B","C","fit_17","cov","region017","continuous","not_supplied","not_requested","not_requested",FALSE,FALSE,FALSE,"available",FALSE,152
"lava_cov","region","cov",0.00131974840672452,NA,NA,NA,"","LAVA estimator uncertainty is not implemented; see separate trait-specific univariate test",NA,NA,NA,NA,"lava","simulated-training-pool","region018","region","A","B","fit_18","cov","region018","continuous","not_supplied","not_requested","not_requested",FALSE,FALSE,FALSE,"available",FALSE,157
"lava_cov","region","cov",0.00306813374695147,NA,NA,NA,"","LAVA estimator uncertainty is not implemented; see separate trait-specific univariate test",NA,NA,NA,NA,"lava","simulated-training-pool","region018","region","A","C","fit_18","cov","region018","continuous","not_supplied","not_requested","not_requested",FALSE,FALSE,FALSE,"available",FALSE,159
"lava_cov","region","cov",0.00150995248444234,NA,NA,NA,"","LAVA estimator uncertainty is not implemented; see separate trait-specific univariate test",NA,NA,NA,NA,"lava","simulated-training-pool","region018","region","B","C","fit_18","cov","region018","continuous","not_supplied","not_requested","not_requested",FALSE,FALSE,FALSE,"available",FALSE,161
"lava_cov","region","cov",0.000686290554029175,NA,NA,NA,"","LAVA estimator uncertainty is not implemented; see separate trait-specific univariate test",NA,NA,NA,NA,"lava","simulated-training-pool","region019","region","A","B","fit_19","cov","region019","continuous","not_supplied","not_requested","not_requested",FALSE,FALSE,FALSE,"available",FALSE,166
"lava_cov","region","cov",-0.00221329438316426,NA,NA,NA,"","LAVA estimator uncertainty is not implemented; see separate trait-specific univariate test",NA,NA,NA,NA,"lava","simulated-training-pool","region019","region","A","C","fit_19","cov","region019","continuous","not_supplied","not_requested","not_requested",FALSE,FALSE,FALSE,"available",FALSE,168
"lava_cov","region","cov",0.00310406506437833,NA,NA,NA,"","LAVA estimator uncertainty is not implemented; see separate trait-specific univariate test",NA,NA,NA,NA,"lava","simulated-training-pool","region019","region","B","C","fit_19","cov","region019","continuous","not_supplied","not_requested","not_requested",FALSE,FALSE,FALSE,"available",FALSE,170
"lava_cov","region","cov",0.00363510250085394,NA,NA,NA,"","LAVA estimator uncertainty is not implemented; see separate trait-specific univariate test",NA,NA,NA,NA,"lava","simulated-training-pool","region020","region","A","B","fit_20","cov","region020","continuous","not_supplied","not_requested","not_requested",FALSE,FALSE,FALSE,"available",FALSE,175
"lava_cov","region","cov",0.0064997718586926,NA,NA,NA,"","LAVA estimator uncertainty is not implemented; see separate trait-specific univariate test",NA,NA,NA,NA,"lava","simulated-training-pool","region020","region","A","C","fit_20","cov","region020","continuous","not_supplied","not_requested","not_requested",FALSE,FALSE,FALSE,"available",FALSE,177
"lava_cov","region","cov",0.00227004192908122,NA,NA,NA,"","LAVA estimator uncertainty is not implemented; see separate trait-specific univariate test",NA,NA,NA,NA,"lava","simulated-training-pool","region020","region","B","C","fit_20","cov","region020","continuous","not_supplied","not_requested","not_requested",FALSE,FALSE,FALSE,"available",FALSE,179
"ldsc_annotation_h2","all","h2",0.270040622948369,0.0988335760305931,2.73227615344789,0.00628983963882512,"","",NA,NA,NA,NA,"ldsc","simulated-training-pool",NA,"reference","A",NA,"fit_1","h2","all","native","block_jackknife","block_jackknife_normal","not_requested",TRUE,TRUE,FALSE,"available",FALSE,1
"ldsc_annotation_h2","enriched","h2",0.260416634167288,0.071311974593212,3.65179390491981,0.000260414841440657,"","",NA,NA,NA,NA,"ldsc","simulated-training-pool",NA,"annotation_category","A",NA,"fit_1","h2","enriched","native","block_jackknife","block_jackknife_normal","not_requested",TRUE,TRUE,FALSE,"available",FALSE,4
"ldsc_annotation_h2","background","h2",0.00962398878108105,0.0684300960030557,0.140639708888488,0.888154576835176,"","",NA,NA,NA,NA,"ldsc","simulated-training-pool",NA,"annotation_category","A",NA,"fit_1","h2","background","native","block_jackknife","block_jackknife_normal","not_requested",TRUE,TRUE,FALSE,"available",FALSE,7
"ldsc_annotation_h2","all","h2",0.398517729804332,0.110172049799578,3.61723078157579,0.000297771788161856,"","",NA,NA,NA,NA,"ldsc","simulated-training-pool",NA,"reference","B",NA,"fit_2","h2","all","native","block_jackknife","block_jackknife_normal","not_requested",TRUE,TRUE,FALSE,"available",FALSE,9
"ldsc_annotation_h2","enriched","h2",0.300457688365515,0.0884176558410389,3.39816392447331,0.000678397576835644,"","",NA,NA,NA,NA,"ldsc","simulated-training-pool",NA,"annotation_category","B",NA,"fit_2","h2","enriched","native","block_jackknife","block_jackknife_normal","not_requested",TRUE,TRUE,FALSE,"available",FALSE,12
"ldsc_annotation_h2","background","h2",0.0980600414388171,0.0657282183364304,1.49190171163466,0.135724913910406,"","",NA,NA,NA,NA,"ldsc","simulated-training-pool",NA,"annotation_category","B",NA,"fit_2","h2","background","native","block_jackknife","block_jackknife_normal","not_requested",TRUE,TRUE,FALSE,"available",FALSE,15
"ldsc_annotation_h2","all","h2",0.298887460949143,0.105632389728442,2.82950581462295,0.00466199528628608,"","",NA,NA,NA,NA,"ldsc","simulated-training-pool",NA,"reference","C",NA,"fit_3","h2","all","native","block_jackknife","block_jackknife_normal","not_requested",TRUE,TRUE,FALSE,"available",FALSE,17
"ldsc_annotation_h2","enriched","h2",0.25376508551027,0.0807027554683668,3.14444140150505,0.00166404234078571,"","",NA,NA,NA,NA,"ldsc","simulated-training-pool",NA,"annotation_category","C",NA,"fit_3","h2","enriched","native","block_jackknife","block_jackknife_normal","not_requested",TRUE,TRUE,FALSE,"available",FALSE,20
"ldsc_annotation_h2","background","h2",0.0451223754388725,0.0681561955480054,0.662043634860616,0.507943257393203,"","",NA,NA,NA,NA,"ldsc","simulated-training-pool",NA,"annotation_category","C",NA,"fit_3","h2","background","native","block_jackknife","block_jackknife_normal","not_requested",TRUE,TRUE,FALSE,"available",FALSE,23
"ldsc_annotation_rg","all","rg",0.520124739258124,0.242149187483852,2.14795161884576,0.0317175990978173,"","",NA,NA,NA,NA,"ldsc","simulated-training-pool",NA,"reference","A","B","fit_1","rg","all","dimensionless","block_jackknife","block_jackknife_normal","not_requested",TRUE,TRUE,FALSE,"available",FALSE,2
"ldsc_annotation_rg","enriched","rg",0.417222689183014,0.213016987117512,1.95863576341379,0.0501554581688568,"","",NA,NA,NA,NA,"ldsc","simulated-training-pool",NA,"annotation_category","A","B","fit_1","rg","enriched","dimensionless","block_jackknife","block_jackknife_normal","not_requested",TRUE,TRUE,FALSE,"available",FALSE,8
"ldsc_annotation_rg","background","rg",1.75520075545975,NA,NA,NA,"","a delete-block genetic correlation is undefined",NA,NA,NA,NA,"ldsc","simulated-training-pool",NA,"annotation_category","A","B","fit_1","rg","background","dimensionless","block_jackknife","block_jackknife_normal","not_requested",FALSE,FALSE,FALSE,"available",TRUE,13
"ldsc_annotation_rg","all","rg",0.59979612785906,0.274883521294256,2.18200103460182,0.0291094563720606,"","",NA,NA,NA,NA,"ldsc","simulated-training-pool",NA,"reference","A","C","fit_2","rg","all","dimensionless","block_jackknife","block_jackknife_normal","not_requested",TRUE,TRUE,FALSE,"available",FALSE,17
"ldsc_annotation_rg","enriched","rg",0.55424084143311,0.201869725994528,2.74553719584547,0.00604119187985499,"","",NA,NA,NA,NA,"ldsc","simulated-training-pool",NA,"annotation_category","A","C","fit_2","rg","enriched","dimensionless","block_jackknife","block_jackknife_normal","not_requested",TRUE,TRUE,FALSE,"available",FALSE,23
"ldsc_annotation_rg","background","rg",1.33993238344884,NA,NA,NA,"","a delete-block genetic correlation is undefined",NA,NA,NA,NA,"ldsc","simulated-training-pool",NA,"annotation_category","A","C","fit_2","rg","background","dimensionless","block_jackknife","block_jackknife_normal","not_requested",FALSE,FALSE,FALSE,"available",TRUE,28
"ldsc_annotation_rg","all","rg",1.05219403485277,0.227709743217306,4.62076861528339,3.82320984503448e-06,"","",NA,NA,NA,NA,"ldsc","simulated-training-pool",NA,"reference","B","C","fit_3","rg","all","dimensionless","block_jackknife","block_jackknife_normal","not_requested",TRUE,TRUE,FALSE,"available",TRUE,32
"ldsc_annotation_rg","enriched","rg",0.983691159025941,0.148773262169653,6.61201579289288,3.79121541716074e-11,"","",NA,NA,NA,NA,"ldsc","simulated-training-pool",NA,"annotation_category","B","C","fit_3","rg","enriched","dimensionless","block_jackknife","block_jackknife_normal","not_requested",TRUE,TRUE,FALSE,"available",FALSE,38
"ldsc_annotation_rg","background","rg",1.37580847339741,1.33542435497511,1.03024066340549,0.302897045551339,"","",NA,NA,NA,NA,"ldsc","simulated-training-pool",NA,"annotation_category","B","C","fit_3","rg","background","dimensionless","block_jackknife","block_jackknife_normal","not_requested",TRUE,TRUE,FALSE,"available",TRUE,43
