"marker","region","true_marginal_effect","estimated_marginal_effect","p_value"
"m00050","region001",0.323689959223239,0.302576616467814,7.67629952418907e-28
"m00125","region002",0.323689959223239,0.274121183024721,4.51557527526774e-23
"m00228","region003",-0.032890120710752,-0.00641111451816804,0.818973002929696
"m00254","region003",-0.0183755104424638,-0.0882480410088349,0.00157211394877621
"m00263","region003",0.00215081947849154,0.0276078375265328,0.317192874387955
"m00279","region003",0.0342455010230884,-0.00398531195951939,0.887625360750742
"m00290","region003",0.00828974285839463,0.00334447707919088,0.905498164554332
"m00302","region004",-0.00482909740536135,-0.000804408303121441,0.976809745223092
"m00309","region004",-0.0215008952658434,-0.0108740492135796,0.692658161688516
"m00313","region004",0.0185556132066203,0.0396535289903594,0.15393546380717
"m00315","region004",0.0235059248374895,-0.00728568097736161,0.794407021986272
"m00332","region004",0.0131760706500663,0.0420348580217704,0.129580389895713
"m00347","region004",0.0165352290292153,0.0114657554805845,0.68378453572943
"m00379","region004",0.00346716411730907,0.0352694438287401,0.209539577999449
"m00399","region004",-0.0143423755021315,0.0136359428096551,0.62344177676262
"m00414","region005",-0.0118526040052072,-0.0229824906432424,0.41406556577172
"m00418","region005",-0.0132274809810015,-0.0183926069135737,0.505213772996341
"m00423","region005",0.0115333159039902,-0.0243442922391279,0.392138665277188
"m00432","region005",-0.0163163505724223,-0.0176177817955776,0.525501439121425
"m00450","region005",0.014471697435869,0.0382913736658235,0.17829250941839
"m00454","region005",-0.0322602340899705,-0.0633313348997271,0.0231219114939502
"m00456","region005",0.0142061700611763,-0.00407480050493717,0.883295651929799
"m00460","region005",-0.0157998495228812,-0.00557910482430248,0.841784798534977
"m00475","region005",-0.0287791867029765,0.00614073969148662,0.826246207950937
"m00479","region005",0.0630040991194297,0.0910273786050118,0.00110699901737496
"m00480","region005",0.00940741597543583,0.0275213828509929,0.327720038035823
"m00481","region005",0.0195183290077759,0.00363079917944162,0.896501942962193
"m00499","region005",-0.00391584412084471,0.00900239028424864,0.754448518734867
"m00538","region006",-0.0154238873696743,-0.0410177001575137,0.145411619493313
"m00546","region006",0.000539768277311926,-0.0144130977676632,0.60694447439627
"m00562","region006",-0.0173811052662928,-0.00630505181140162,0.822323272199513
"m00564","region006",-0.043095461624736,0.00481342981099229,0.863849329450173
"m00568","region006",0.000632255822223366,-0.00194134812950054,0.943788410422762
"m00571","region006",-0.00484617444864212,-0.0162919260269591,0.568994515271398
"m00578","region006",-0.0057329002381152,-0.00337636692431078,0.902614218018409
"m00583","region006",0.0427940569394393,0.0567063063498115,0.0413170327877086
"m00584","region006",0.0220449881619261,-0.00178337057802759,0.948532053553142
"m00590","region006",0.03810840870312,0.00517531228763306,0.853494397000738
"m00600","region006",0.0171208571198463,0.0286713577035941,0.302891487072718
"m00661","region007",-0.0368268716468164,-0.0225393700216332,0.421633905420462
"m00665","region007",0.011597351546407,-0.0206626067123769,0.465127042574623
"m00668","region007",-0.0250529863249875,-0.0148691158757282,0.592978552911255
"m00672","region007",0.0209879147194649,0.0781500812605951,0.00522674798608481
"m00675","region007",0.0197082379102256,0.0591914274998144,0.0337432355993637
"m00719","region008",-0.0241642929032246,-0.0525101628486242,0.0600996809851115
"m00722","region008",0.0464211125665784,0.110122646125859,6.84375567749656e-05
"m00723","region008",0.044233154878933,0.016309845861415,0.56201825308815
"m00749","region008",-0.0398045919206065,-0.0453380552222414,0.106757984598502
"m00757","region008",0.0261975919671016,0.0321824689023529,0.247200230809369
"m00758","region008",0.0138101257434291,0.0156635040710461,0.577713892976839
"m00780","region008",0.0186029479968867,0.0405802754812718,0.146524473286068
"m00786","region008",-0.00952801185523366,-0.0267880828039713,0.337918318268238
"m00814","region009",0.00778116160532589,-0.0397657899147783,0.160625050091434
"m00840","region009",0.0099515841010414,0.0041946908908531,0.880630486092886
"m00846","region009",-0.022198155108153,-0.00963831436957392,0.734510174178212
"m00854","region009",-0.0538412178470326,-0.0207015243864855,0.446279473310191
"m00860","region009",-0.0158722122219472,0.0116767464518297,0.677382041895625
"m00876","region009",0.0424565863715637,0.0378748067545194,0.169978834275972
"m00883","region009",0.0289065162540004,0.048377331963385,0.086697150807428
"m00884","region009",0.0265854916745015,-0.0114207111790435,0.687459023259732
"m00889","region009",-0.0403006612469878,-0.00822981590820994,0.770873440817161
"m00899","region009",0.0265827719461714,0.0719958777926658,0.0102893435291229
"m00913","region010",0.00910809230993997,0.015325352934397,0.584550674121819
"m00917","region010",-0.0475738738556726,-0.0198410161597618,0.480570175202162
"m00920","region010",0.000181850351717136,0.00799001121569898,0.776558475464616
"m00923","region010",0.0187753238396906,0.0439011752427334,0.122646604724216
"m00925","region010",0.00389342878271812,-0.0316055919789607,0.253325491333925
"m00950","region010",0.012518439692376,0.0340787364176849,0.225940436046524
"m00953","region010",0.00996615688117972,0.0276471734859891,0.31506317203339
"m00978","region010",-0.0204585381255783,-0.0190232813322194,0.498498874016109
"m00980","region010",-0.0196853153781213,0.0605699218549933,0.0294484533979361
"m01006","region011",0.0124700197585693,0.0562878279487893,0.0425325166535164
"m01018","region011",-0.0126164784009384,-0.0439024716173161,0.10952903226983
"m01022","region011",0.000787051931373285,0.0286972592409585,0.312481000062701
"m01032","region011",0.0587458760416742,0.0395976955270712,0.156153964891492
"m01042","region011",-0.0365709586379937,-0.0119576217800755,0.664423424492221
"m01044","region011",0.0263796504230828,0.00135515165950847,0.961393795524788
"m01056","region011",-0.0189268137601458,-0.0019156072153657,0.944504431454698
"m01067","region011",-0.033720354789934,-0.067075273963711,0.0160492984960334
"m01073","region011",-0.0323012474917967,0.0424263056142586,0.131212320462907
"m01082","region011",0.00641970979158285,-0.0566576394803104,0.0446756957290095
"m01103","region012",0.00928563139290085,0.00893266068600757,0.749288063907636
"m01106","region012",0.0106146273967482,-0.0187366506403313,0.505488570071023
"m01143","region012",-0.0227123987713414,0.00119415480394239,0.966085571146158
"m01154","region012",-0.0248914314232032,0.0391786931300112,0.158058374486967
"m01155","region012",-0.0270228332794532,0.0189862026887951,0.491826546175839
"m01156","region012",-0.0302800070257895,-0.0421134447363123,0.128038237338515
"m01158","region012",-0.0417386502284194,-0.0252041657581707,0.363442228685798
"m01166","region012",0.0220881039305842,0.0113583355360365,0.682970818295162
"m01188","region012",-0.053925722969051,-0.0547450668437319,0.051967454301808
"m01200","region012",0.00703195296247308,0.00904867799756575,0.748697958561363
"m01201","region013",-0.00973645816823997,0.00547124366442879,0.846968101302205
"m01203","region013",-0.0339721286992944,-0.0259433643223281,0.359933499324101
"m01206","region013",-0.0029708531187289,0.0079999295956078,0.773966066231885
"m01209","region013",0.0158924834903341,0.0139080792349575,0.617703065210341
"m01214","region013",0.000137918205136559,0.0197224220828457,0.479382581587379
"m01238","region013",0.00611914904334454,0.0127284835104191,0.645309726048344
"m01269","region013",0.011869322356705,0.0258665250239131,0.358310784021101
"m01313","region014",-0.0385048321529024,-0.0810940578784525,0.00440153349766219
"m01318","region014",-0.0253785458490238,-0.0355480395805367,0.207046293706252
"m01326","region014",-0.0112162813033395,-0.0248453524904504,0.373973074378508
"m01330","region014",0.00552762748146112,0.0021941625198914,0.938251242093906
"m01340","region014",0.0120663585963161,0.0043425542198657,0.876003116841503
"m01365","region014",-0.024653445872422,-0.02757716475388,0.322582148776065
"m01431","region015",-0.00981613541758329,-0.0584126021617486,0.038367257157179
"m01432","region015",0.0107661239377642,0.0206488376409126,0.462017074375116
"m01451","region015",-0.00740917678179564,0.00658696743817342,0.815035508769516
"m01521","region016",-0.0341852841576574,-0.0728939357135911,0.00874213820678393
"m01536","region016",-0.0259673303697695,-0.016149244103036,0.57158444924018
"m01548","region016",0.00200204406955416,0.0272538202876596,0.330306322828747
"m01553","region016",-0.00219494767060088,-0.0148712419420862,0.593329563109231
"m01558","region016",-0.0393855220562052,-0.0489441168545364,0.0776611565403886
"m01565","region016",0.0283098870587563,0.0957780906619901,0.000603111898307291
"m01581","region016",-0.0478377621894588,-0.0384389746392169,0.178025740208767
"m01584","region016",-0.0136031451267484,0.0256813000034265,0.356292963424821
"m01607","region017",-0.00908939128385171,0.0459848570294334,0.0979109626883406
"m01611","region017",-0.0232004442966263,-0.0212401424704147,0.44278230776217
"m01616","region017",0.0521131122613901,0.0702169045679736,0.011612132360109
"m01629","region017",0.00600454454216124,0.00103726672084011,0.970434255701336
"m01630","region017",0.00651510166271166,0.0323031831105279,0.248822929956197
"m01650","region017",-0.00234610803404101,0.00962011728956903,0.731346886052123
"m01654","region017",0.00860729455772519,0.048277396968978,0.0809791815768266
"m01659","region017",-0.0296860587192522,0.00629681854033082,0.822388905502461
"m01680","region017",-0.00187292124634809,0.0565068680836628,0.0467582013439986
"m01698","region017",-0.0120940374709309,-0.0359243965545444,0.193737713863493
"m01713","region018",-0.000235672072476224,0.00235733118919868,0.933113696601413
"m01714","region018",0.00809209516793966,0.00671993998303485,0.814399215395756
"m01734","region018",0.00323049244589359,0.00892341722194444,0.746953829209644
"m01736","region018",-0.00731437438707411,-0.0260702315115972,0.346517015357615
"m01738","region018",0.00582811053341875,0.06689206542941,0.0170544176035737
"m01755","region018",-0.00284981610645494,0.0234539532137012,0.39884231647559
"m01758","region018",0.0474027704869082,0.063226069876673,0.0238408242259166
"m01767","region018",-0.0367380951396448,0.0103222940094186,0.713727753982431
"m01772","region018",-0.0235895107047515,0.0103046944396852,0.712876877418453
"m01828","region019",0.0302455829243981,0.0222743786688192,0.420594939365227
"m01829","region019",0.0151683747657685,0.0316868701349835,0.254314434876342
"m01830","region019",0.03097079670351,0.0314560626449823,0.261331117639962
"m01831","region019",0.0131093299596312,0.0328338857617112,0.24681051021057
"m01842","region019",0.0112146453471694,0.0136880858142342,0.62692474863492
"m01859","region019",-0.0204017477037266,-0.0129061626922491,0.643462017847705
"m01881","region019",0.00992484448876693,0.0034099197928366,0.902477414826471
"m01899","region019",0.031960787167116,0.0225803168325289,0.416509384141894
"m01939","region020",0.02580108481027,-0.00339704348961326,0.905437275836407
"m01949","region020",0.0415586628756558,0.0779928548619733,0.00559072998569012
"m01960","region020",-0.0271135245788854,-0.0349141555076665,0.21603513156664
"m01972","region020",0.00212640082033598,-0.074904951579552,0.00747586752986851
"m02000","region020",-0.0141147699912315,-0.010166312074262,0.715855373325624
"m02009","region021",0.0068732053789661,-0.0274326451253997,0.3293445871344
"m02014","region021",0.00519915016512883,0.0173082577805608,0.529392582511738
"m02032","region021",0.00663297986274516,0.0152134838429081,0.586980851745356
"m02034","region021",-0.0104403838446418,-0.00785119371194113,0.779296303136289
"m02039","region021",-0.0731140211030293,-0.0698189464198842,0.0115014897426449
"m02079","region021",-0.0269822881767074,-0.0320281831613074,0.257084770655201
"m02087","region021",0.0395196042613367,0.0377984342092694,0.17063844524695
"m02093","region021",-0.00205270508768024,0.00957890632229312,0.731791326717016
"m02109","region022",-0.0172557459793615,-0.0181036104234114,0.516025720522806
"m02110","region022",0.0257509458805561,0.00494214983901365,0.86031223121741
"m02112","region022",0.00107272495136839,0.00235446153900657,0.933360213274422
"m02113","region022",-0.00894100594624262,0.0348400181759899,0.215497719220514
"m02120","region022",-0.0135759390152371,-0.0326665886204308,0.235677130871503
"m02129","region022",-0.0157894504646482,-0.049791778387366,0.0785130812069363
"m02137","region022",-0.0104281846796068,-0.0170664688491985,0.54458014826832
"m02141","region022",-0.0370729739620716,-0.0687717003875202,0.0125977157821582
"m02147","region022",-0.0170634147722368,-0.0613059866331431,0.0266829488778477
"m02166","region022",0.0262011828106813,0.00305090383358222,0.913358286743931
"m02179","region022",-0.0269918052038164,-0.0112869545218356,0.679618885824265
"m02210","region023",-0.0114312143962433,0.0443727372013722,0.107362839447557
"m02211","region023",-0.0396040216723687,-0.0162833234125012,0.561600667453769
"m02233","region023",0.0177704004781313,0.0279862995331802,0.32025645895704
"m02257","region023",-0.00164876726535195,-0.00083223417805554,0.976885075584275
"m02292","region023",0.0133846807079511,0.0154287933176833,0.583990685897542
"m02296","region023",-0.00898940550225004,9.49332437975239e-05,0.997287675893904
"m02301","region024",-0.00782802565067819,-0.0190379238048745,0.486692934053469
"m02304","region024",0.00379006560015799,-0.0561069207052945,0.047430981278971
"m02324","region024",-0.00282956778786442,-0.00832031170077916,0.769464275616986
"m02325","region024",0.0097974022399348,0.00584411228507445,0.835034439192577
"m02330","region024",-0.00858737282438892,-0.00400449546725183,0.886099414832086
"m02356","region024",-0.0044950683107801,-0.00777964129642462,0.781227840327417
"m02367","region024",0.00132957479788222,0.00414776263714187,0.878040692486264
"m02371","region024",0.00570528442995786,0.0272017598421461,0.331102107629754
"m02373","region024",0.0120191335639841,-0.0305878490512921,0.275139324959963
"m02374","region024",0.000174808375771057,-0.0296801987552959,0.283680554077722
"m02402","region025",-0.00676080662722221,-0.0322365022862263,0.246614551500805
"m02456","region025",-0.00845040999576728,-0.0125039797754053,0.660169162766649
"m02458","region025",-0.0109437238882302,-0.0195238751494185,0.48864810194314
"m02475","region025",-0.024495259054376,-0.00779238033841679,0.779989946501295
"m02501","region026",-0.0408099431869987,-0.0581143265054134,0.037093554650065
"m02535","region026",0.00836637650184664,0.00180666056415865,0.948275006468274
"m02572","region026",0.0530182743202566,0.0747252264969256,0.00818848546686265
"m02585","region026",0.0241234560203347,0.04114601741207,0.143777070157807
"m02606","region027",0.0148174677006658,0.0129454586664518,0.639889955089454
"m02607","region027",-0.0127196452877633,0.0191901858570809,0.490407886457073
"m02611","region027",0.0379028832775568,0.0446112542038491,0.11055288310305
"m02613","region027",0.0141816125742707,-0.0201409001804369,0.475769623026107
"m02619","region027",-0.00689836514079761,0.0494364021459555,0.0798634076527091
"m02620","region027",0.0219538437156449,0.0477609223955849,0.0927125189858942
"m02622","region027",0.0167010202792143,0.0130300151569192,0.640643773953607
"m02657","region027",0.0197404920072665,0.0617884502296236,0.0280827303390006
"m02678","region027",0.0114280743110709,0.0441255342651594,0.112466037759137
"m02683","region027",-0.0203095713271387,-0.00101066698556415,0.971275543585433
"m02689","region027",-0.0493406809373002,-0.0183806060160643,0.514609055242059
"m02695","region027",-0.0290231141032017,-0.0304842887350055,0.272762817699496
"m02696","region027",-0.0322694578106715,-0.0231680013773346,0.40435008073577
"m02707","region028",0.0076361913238772,-0.0353848771387318,0.206055860294866
"m02710","region028",-0.0374993999058384,-0.0373002103862256,0.181159382988428
"m02738","region028",0.0398147116086771,0.0878407974113498,0.00181161987987139
"m02777","region028",0.00618189961502015,-0.0108272724288056,0.693271588693604
"m02778","region028",-0.0102374717756117,-0.0537697830528927,0.0574944902426767
"m02789","region028",-0.0201851072029812,-0.0102498365717518,0.718965917703404
"m02838","region029",0.0315365172266837,0.0335075163062235,0.239927336039218
"m02861","region029",0.0359206935249594,0.0436525509945581,0.12508646581148
"m02879","region029",-0.0343680774596348,-0.00847707474677058,0.76363691776767
"m02913","region030",0.0162642586888188,0.0378812568967678,0.180062735636335
"m02973","region030",0.0369423000595403,0.0274507259087766,0.323440975939122
"m02981","region030",0.0202311041593924,0.0588865561707899,0.0359141575876051
"m02996","region030",0.0596978954603302,0.0654471515859305,0.0198632693236596
"m02998","region030",0.0128622780703491,0.0303096117370524,0.280079688842953
"m03009","region031",0.0148488452712459,-0.0241047099423217,0.395028438027749
"m03040","region031",-0.0365111161867103,-0.0359872414581627,0.197100629915075
"m03065","region031",0.0218858714193335,0.0100632430268892,0.722228172370525
"m03067","region031",0.00335618560894685,0.0233610445232816,0.404032767769855
"m03069","region031",-0.0364698201196138,-0.025295499901416,0.365826462064087
"m03081","region031",0.0262993016287447,0.0319223321851408,0.248915664041871
"m03088","region031",0.00879786846484247,0.0123240746231348,0.662505962596444
"m03130","region032",-0.0119326284933316,0.00911482157714098,0.746481076671692
"m03141","region032",0.0318805848229654,0.0722566708501098,0.00945120114775395
"m03148","region032",0.00728659053310376,0.0196424013527823,0.48061446491894
"m03161","region032",-0.0201530691588452,-0.0293080027615533,0.299667268586396
"m03163","region032",-0.0135632644335883,-0.0200457728541372,0.482943963404719
"m03177","region032",-0.0388365162448992,0.021661545641313,0.4335320943673
"m03195","region032",0.0128957396121397,0.0616242360979085,0.0309646998302493
"m03198","region032",-0.0202546469361198,-0.00660566171415395,0.811090825185579
"m03202","region033",0.0184248652103101,0.0555263642154467,0.0484581654153098
"m03211","region033",0.00758055688197183,0.00897998487840384,0.747149585631133
"m03214","region033",0.0100468255146204,-0.0539215315330753,0.053871325059397
"m03219","region033",0.0115098464406767,-0.0399020690560297,0.147983066790707
"m03233","region033",-0.0305499080652894,-0.0539983650771593,0.053084236150169
"m03234","region033",-0.0249564217817627,-0.0331186437847456,0.235629808754973
"m03256","region033",0.0397072576532055,0.00512466240410901,0.855213515602344
"m03281","region033",-0.0440968956373531,-0.0789725186822858,0.00481808694629708
"m03284","region033",0.0109011419503619,0.0129995509952283,0.636067022053567
"m03294","region033",-0.0036212345708884,0.0220816136115735,0.434895298349972
"m03298","region033",0.0114974765339104,-0.00291417425243054,0.919095370684063
"m03304","region034",0.0017316696650021,0.0175827224065722,0.535580942104366
"m03328","region034",0.0192410315341367,-0.0110994998286728,0.692108967494164
"m03336","region034",0.0136824498264691,0.0368799146661961,0.195719717746208
"m03343","region034",-0.005927354424633,0.00244135238912601,0.929955638240977
"m03378","region034",-0.0308440877745069,-0.0524450246453589,0.0636041851251442
"m03389","region034",0.0202205027934581,-0.0119149128099008,0.667812901285843
"m03402","region035",-0.00511883397321662,0.0249394552750545,0.374171851249713
"m03407","region035",0.0333325913500893,0.104357525003305,0.000202323392578793
"m03425","region035",0.0195044376137195,0.0650542740586223,0.0190872216870196
"m03438","region035",0.000939126127044339,-0.0167224625141602,0.548787975238194
"m03454","region035",0.0523624716898301,0.0349373707998032,0.212208916915929
"m03455","region035",0.0241882358358623,0.00858122231599592,0.751513188800836
"m03474","region035",0.0361133257277917,0.0581218075527567,0.0353466035932801
"m03481","region035",-0.0271505125460493,-0.00221884551786438,0.936738991151726
"m03487","region035",-0.011801803879301,-0.0212046629905937,0.449013848519064
"m03500","region035",0.00325692602249852,0.00124310273689074,0.964040887032476
"m03502","region036",0.0134175395439784,-0.0290318464168556,0.303208400130253
"m03512","region036",-0.0552519865252627,-0.092487740586316,0.00107538929327562
"m03516","region036",0.0187453415538498,0.0244267285602245,0.383316559777339
"m03524","region036",-0.0339684708633397,-0.0097968096264453,0.727588974743428
"m03527","region036",-0.00232118430011131,-0.0126925161860787,0.653931384699684
"m03530","region036",0.0163126168033548,-0.00190810956454238,0.945004163912982
"m03542","region036",-0.0126607647112261,-0.0022955328268023,0.935175240211035
"m03547","region036",0.0215240359829784,0.0340178902621777,0.221420338308241
"m03566","region036",0.0119051822546706,-0.00746738124146688,0.788893754875104
"m03584","region036",0.000810226890023733,-0.0111800981940032,0.687427339146276
"m03599","region036",-0.00803146043023425,-0.0085050161909153,0.762316982305468
"m03608","region037",-0.00186908238852168,0.0195258722872769,0.488707962116598
"m03651","region037",5.37913823719626e-05,0.0543094243101963,0.0536648711802717
"m03656","region037",0.00460278266082981,-0.062985448200438,0.0231473592557015
"m03691","region037",-0.00261166200438087,-0.0248849298074447,0.372161499882114
"m03698","region037",-0.0295899501010528,0.00866925889201759,0.761277044464676
"m03713","region038",0.0227929701626946,0.0363739970110996,0.197641022094055
"m03714","region038",0.000978910925515583,0.0377083333486006,0.178456592599858
"m03717","region038",0.0123542851823087,0.0472009171957458,0.0864347475331096
"m03763","region038",-0.0337544478340632,-0.0186463528921603,0.512176964097453
"m03773","region038",-0.0174779567866756,-0.0329115337013687,0.240428510117802
"m03782","region038",0.0082930715314029,0.0554584756070437,0.0516234702899466
"m03784","region038",-0.0042324547706834,0.00555828405021538,0.843563455418971
"m03809","region039",-0.0444586167583455,-0.0706120871442308,0.0114328264795268
"m03810","region039",-0.0541334719364848,-0.0250759674363482,0.371385234745809
"m03825","region039",0.0732824588651078,0.137734551418062,1.38389716032776e-06
"m03826","region039",0.030717621868562,-0.0379124889637251,0.177840646272936
"m03833","region039",-0.0291210537462084,-0.0445997036610488,0.11339032727918
"m03841","region039",-0.0189805821503724,-0.0835255094882082,0.0028684175052048
"m03842","region039",-0.0201798528682608,-0.0547355018609466,0.0483498560825566
"m03847","region039",0.00497768455197223,0.0581817288208986,0.0352848034999891
"m03882","region039",0.0141263735307366,-0.00306091494902084,0.913858243168692
"m03903","region040",0.00260334990763278,0.0526512800990373,0.0600755661114282
"m03920","region040",-0.0427522481756204,-0.0321194270955224,0.252247078454501
"m03923","region040",0.000288578878917629,-0.0154886918137393,0.583103611301731
"m03931","region040",-0.008184184100873,0.0165390179070517,0.554924648882565
"m03934","region040",0.00546140102438221,0.0186885061133665,0.495920129889268
"m03946","region040",0.0414385461160672,0.0156036562429722,0.575967224406988
"m03955","region040",0.0128777839282503,-0.0228627000542777,0.421247996033195
"m03958","region040",0.0145093317312286,0.0222981614154285,0.423985176818379
"m03966","region040",-0.019575866731881,-0.0140642265074847,0.620251635630543
"m03977","region040",0.0132479364904971,-0.00882237467795108,0.75122470781981
"m03984","region040",0.00516529065313653,-0.0354176748622946,0.201042298518158
"m03988","region040",-0.0225881674240437,-0.0515405502384597,0.0664579575911328
"m03991","region040",0.0249104129725694,0.0436552755189957,0.11822600327559
"m03993","region040",0.021694842160792,0.00705980138916108,0.80061765300456
"m03998","region040",0.0195418344002736,0.0165071477105711,0.547283829664627
"m04000","region040",0.0517719801748688,0.0803078172150317,0.00412317612365155
"m04031","region041",-0.0115599226027977,-0.104978223132193,0.000167859361364889
"m04034","region041",-0.046012857352516,-0.0359052443336335,0.204592118380795
"m04113","region042",0.0137329560881884,-0.00954012235694978,0.732141228899082
"m04117","region042",-0.0286278813235486,-0.00561386139418169,0.840609885241201
"m04125","region042",0.0197193495551671,0.0190429489562722,0.491303041838551
"m04136","region042",0.0124709844894127,0.0092699169079989,0.743659211015377
"m04145","region042",0.0204059844158025,0.0137258355910546,0.621488186328607
"m04157","region042",0.00401902099480047,-0.0245416896185215,0.38079695182998
"m04167","region042",0.0155852506835685,0.050335400209201,0.0705348867893146
"m04178","region042",0.0380079374814736,-0.0166433981812481,0.549352030330892
"m04179","region042",0.0339184509650795,0.0448045547694134,0.111405971926358
"m04183","region042",-0.0192989126282747,-0.0339514563211682,0.224475672109729
"m04201","region043",-0.0380007494725833,-0.0186595616861495,0.505978524073892
"m04204","region043",-0.0513424185028242,-0.0700416695787856,0.0118180590472596
"m04217","region043",-0.000408866749650305,0.0293427207472273,0.293779439334077
"m04247","region043",0.0106571160295301,-0.0280252675206189,0.316886202176067
"m04251","region043",0.0176197273512303,0.0348976574587623,0.212941661699856
"m04269","region043",-0.0465202682014494,-0.051605024582233,0.0677764082462268
"m04281","region043",-0.0110980517744457,-0.0132544119970749,0.633808393852038
"m04287","region043",-0.0253414440174132,0.00207997479203277,0.940541022724748
"m04299","region043",0.00855054044617775,-0.0118387469831731,0.675088578155475
"m04310","region044",0.0630440111209592,0.042180767035466,0.132707352006066
"m04316","region044",-0.00478713738446655,0.00578997448600418,0.835895666079516
"m04319","region044",0.010498296130648,0.0224507157866146,0.42537321315459
"m04329","region044",-0.0127024297878044,-0.0388328201839226,0.165347015084647
"m04388","region044",0.0312520935434465,0.0626574261005545,0.0256715684456743
"m04401","region045",-0.00371437232043982,0.00248170071024705,0.927865217738927
"m04418","region045",-0.0367707489359918,-0.0759957293216935,0.00600695977230515
"m04449","region045",0.0089271374388932,-0.054851290411501,0.0513438830979551
"m04476","region045",-0.0460591798224389,-0.0490538529974721,0.0759883595935813
"m04504","region046",0.031856451629755,0.0403882918029778,0.140097014264516
"m04510","region046",0.0266580088040885,0.0555045673388574,0.0449160883225565
"m04511","region046",0.0262750437001005,0.0613503424571111,0.0313777085942263
"m04512","region046",-0.0111748470790335,-0.00372640280200608,0.894553515999603
"m04526","region046",-0.0177861520111501,-0.0166829553248102,0.548020833245205
"m04547","region046",-0.0141164036867049,-0.0218171106218115,0.434453158267086
"m04555","region046",0.0213148051294707,0.00172328079508601,0.950391140487015
"m04557","region046",0.0115225430394089,-0.0300165721146413,0.278049923780589
"m04584","region046",-0.0195048192077346,-0.0605583442328407,0.0286544981755721
"m04585","region046",0.00192984655431198,0.00185268262586503,0.94805844758983
"m04590","region046",-0.0389769470324494,-0.0172793029677534,0.539538251950333
"m04593","region046",-0.000329477367513961,-0.0519169434089197,0.0641106403252136
"m04621","region047",0.0102325324697106,0.0340062472766511,0.217636002504548
"m04637","region047",0.0344749392411353,0.0915820620421625,0.00133798623598254
"m04640","region047",-0.046842239762413,-0.0244468315002188,0.379591291829323
"m04655","region047",-0.0610826954037901,-0.0408833165858395,0.143446973587576
"m04706","region048",0.00771297073702753,0.0111062640746572,0.699113368197304
"m04734","region048",-0.0032023608585969,-0.0233156783599094,0.408031716443641
"m04741","region048",-0.00022504704873874,-0.0168534047608894,0.542385250189506
"m04742","region048",0.00188635759006268,-0.0365244232516071,0.186512736565597
"m04751","region048",-0.00137186131107904,-0.0272880851834006,0.337281540949332
"m04757","region048",0.0330558680531411,0.0629541962961868,0.0256782928025208
"m04802","region049",0.00957662605182551,0.0726742408662934,0.0103469081355931
"m04804","region049",0.0644353506850583,0.083563456876802,0.00304061451441742
"m04843","region049",-0.0325264360203261,-0.0617376803066989,0.0282750789577305
"m04854","region049",-0.0263324450417929,0.0365505381115691,0.195714107240922
"m04870","region049",-0.00467651897412115,0.0229438371840503,0.420723880889027
"m04886","region049",-0.00913603763491424,0.0492388786835406,0.0839754504005271
"m04895","region049",-0.0284495357194722,-0.0380347835996935,0.174010130274552
"m04912","region050",-0.0362462827266287,-0.01195364457206,0.673252232062328
"m04919","region050",0.012047746534904,0.0379481669195271,0.170387300999618
"m04948","region050",-0.00981590444179297,-0.00826992380870395,0.765189365731795
"m04949","region050",-0.00911762564475211,0.0199992329561441,0.469150462462653
"m04950","region050",0.008527018983473,0.000568779892393921,0.983667953459165
"m04959","region050",0.0249878923463319,0.0286423069775864,0.309176626051309
"m05005","region051",-0.0226563072254858,0.0189731727547459,0.500619928510065
"m05037","region051",-0.0450493388632666,-0.0553286629619049,0.0509686119504237
"m05042","region051",-0.0363980826867266,-0.0806506701047071,0.00373497625097981
"m05052","region051",-0.0301075695309936,0.0150270488855072,0.591572178164646
"m05054","region051",-0.0176093317206716,-0.0172069311973496,0.535864369729712
"m05064","region051",0.0140970424974414,0.0235473075292351,0.392955023334274
"m05106","region052",-0.0065203077199282,0.00205643945519517,0.940981047509088
"m05125","region052",0.00513573850856181,-0.00779984761679723,0.784060830972297
"m05142","region052",0.00438729577346754,0.0165773882231019,0.549124754144759
"m05155","region052",-0.0301641177465252,-0.0172624525199314,0.537713767926485
"m05179","region052",0.0552208024361034,0.0257830753558153,0.353193263380141
"m05184","region052",0.0346074978389074,0.0509553201861772,0.0762296548313354
"m05188","region052",-0.0132938953157866,0.0376299429713539,0.177880456154605
"m05206","region053",-0.0068885131122982,0.0340355475635324,0.223845078436316
"m05207","region053",-0.00645913591882463,-0.01566695681295,0.580274175270945
"m05209","region053",-0.00436099761216799,-0.00209390748093516,0.940350122508151
"m05214","region053",-0.00743331884669418,-0.00586564523249293,0.830502729922423
"m05230","region053",-0.0352956833678506,-0.0501183411558296,0.073267966111204
"m05252","region053",0.0301740093822929,0.027256958009149,0.331833921997923
"m05262","region053",0.0467756491737816,0.0318738882835788,0.253452483221423
"m05263","region053",-0.0115744102072414,-0.0244433332050087,0.386544364029065
"m05303","region054",-0.0243896938037146,-0.0354111477678202,0.206802358715189
"m05310","region054",-0.00906524957472019,-0.0479569311921621,0.0847361366316271
"m05319","region054",0.031684812699146,0.0411077627472081,0.134887897537345
"m05343","region054",-6.05652102304715e-05,-0.00218685386968109,0.937534153597424
"m05351","region054",0.0201114772948129,0.092421745491315,0.000943499201428853
"m05354","region054",0.0277226348477304,-0.0135367476615788,0.625788206263961
"m05366","region054",-0.0139510389343413,-0.0513881125723639,0.0689600261792715
"m05376","region054",-0.00459413315051484,0.0134486412831932,0.629729351627222
"m05377","region054",-0.0332770845624647,-0.0460610596766875,0.0929474158498187
"m05384","region054",-0.0441632869390134,-0.0736821389280748,0.00866594769801404
"m05399","region054",0.000468745674509886,-0.011298238908319,0.687416155490074
"m05403","region055",0.0379492926565367,0.0552734058592993,0.0455258223088382
"m05404","region055",0.0145295720212165,0.02876102689925,0.299394486552679
"m05407","region055",-0.0014726750293857,0.0101792026972389,0.716537906469956
"m05414","region055",0.0366733089096747,0.0130240216724606,0.644400036881339
"m05420","region055",-0.0253617450522242,-0.0215160490968658,0.444237429422814
"m05454","region055",0.00736471669724716,-0.0248418650508833,0.371947355129084
"m05456","region055",-0.0136712263402588,0.00707352997141401,0.798804853046302
"m05473","region055",-0.0337907422593124,-0.0404827334758215,0.145611447063178
"m05485","region055",0.0146814459437798,0.0420537874876727,0.135056826113073
"m05511","region056",-0.00866854010632881,0.022734379359258,0.407565042790306
"m05513","region056",-0.0272646359278622,-0.0372500106420363,0.184885767340757
"m05532","region056",0.00580078085773281,0.0361092000506232,0.20103168091492
"m05544","region056",-0.00596219542369181,0.00949469514477197,0.730470644343815
"m05549","region056",0.0143425897259221,0.039977784589052,0.14947410184953
"m05550","region056",0.036135035205227,0.0426701512543249,0.122890751646147
"m05566","region056",0.0340944273595083,-0.0124148923708744,0.655737922655796
"m05572","region056",0.0230290848411339,0.0237769285199466,0.391960271156087
"m05588","region056",0.0312696656216331,0.036004023879237,0.184151029825474
"m05596","region056",-0.00723105134650079,0.0381996742180193,0.1822822300615
"m05612","region057",-0.00785921258737119,0.00116189136886335,0.966915304392411
"m05614","region057",-0.0100422131047515,0.0237457991820979,0.392322428302024
"m05635","region057",-0.0113749750339912,0.0478601878275907,0.0849097985131276
"m05639","region057",-0.00930115708787407,-0.0633338268029913,0.0223513336478476
"m05651","region057",0.00133971920214418,0.0168069778680626,0.548970804257901
"m05679","region057",-0.0447923114190338,-0.0555673929536719,0.0524812370911407
"m05696","region057",-0.00271511532273684,0.0233703403600356,0.412267463411547
"m05697","region057",0.0235650557764574,0.0650670780799507,0.020437473992699
"m05702","region058",0.0309102273512161,0.061341710681111,0.0262562502454609
"m05706","region058",-0.0137747263940991,-0.0261434940080736,0.354925570710543
"m05715","region058",0.00294396355127801,-0.0565057080721031,0.0428590654658165
"m05724","region058",-0.0271302145528679,-0.0436545903450904,0.11649848703403
"m05742","region058",-0.0336833392683941,-0.0556620486818848,0.0437506522951963
"m05750","region058",-0.00158686056988617,-0.020348387067205,0.46063882533765
"m05768","region058",0.0243447792328273,0.00468706149178191,0.867817057967519
"m05770","region058",0.00485494737352788,0.0370488287836313,0.187193857493119
"m05772","region058",0.011420653622982,0.0223918091784196,0.428403034039465
"m05782","region058",0.017352011904383,-0.00193455864934051,0.943969900637468
"m05794","region058",0.00626409627842333,-0.0467431499210857,0.100635531589545
"m05798","region058",0.0473974150860439,0.0945082260701006,0.000720130833502982
"m05827","region059",0.051250056728604,0.0295356751583755,0.295095557691656
"m05830","region059",-0.0385859055956979,-0.0755440243410142,0.00634325341533502
"m05881","region059",-0.0255079372001016,-0.0657756194354421,0.0191805527490059
"m05900","region059",0.0140155436824635,0.0369756865158101,0.198296256822239
"m05914","region060",0.0207572853942775,-0.0111358484166349,0.690548182385101
"m05916","region060",0.00624559771727485,0.0109055365417901,0.694687878957425
"m05920","region060",-0.0472028284637185,-0.0292950002848011,0.30188695394821
"m05927","region060",-0.00635125316816839,-0.0113395612861508,0.677920198771865
"m05931","region060",-0.0143965133324871,-0.0369023515643841,0.188543651231738
"m05932","region060",0.0193440122995244,0.032824323840444,0.239545323825749
"m05935","region060",-0.019404730910491,-0.0518518187920884,0.0617791579776791
"m05937","region060",-0.0104911512051049,0.0345987234558682,0.207469987628804
"m05971","region060",0.0159807526340732,0.0213996049869717,0.441428328558302
"m05975","region060",0.00140623143218232,-0.0422229805317217,0.128888214207069
"m05984","region060",0.0142150181534687,-0.000480866680073399,0.986183403848436
"m05997","region060",-0.0586471661692167,-0.0806968002507908,0.00330621309728318
"m06000","region060",-0.0038269833906626,0.00486535748977445,0.861537437813808
"m06059","region061",-0.0272965090359014,-0.0439165481913073,0.116464191548377
"m06070","region061",-0.0151768503323929,-0.0582437604898202,0.0360993396420975
"m06075","region061",-0.0186944743449177,-0.00433901781426385,0.878649820845716
"m06077","region061",-0.0273528722707115,0.00838669677158958,0.76643840380553
"m06078","region061",-0.001853910690563,-0.017525458527079,0.535903692447475
"m06098","region061",0.0237215666628469,-0.0200183473634088,0.478099479931735
"m06106","region062",0.0514360457254372,0.0731392343238088,0.00993220112175774
"m06147","region062",-0.00252235675389388,-0.000597783286920906,0.983195040080303
"m06152","region062",-0.011312893419271,-0.00294597083525941,0.916588241697043
"m06175","region062",0.0166763546671647,-0.0100875987397896,0.714048995013262
"m06217","region063",0.0322281855299898,0.0316370383028883,0.251496670906454
"m06241","region063",-0.0147234974067019,-0.0348163969729457,0.215150467026024
"m06243","region063",-0.0412212748278546,-0.106981055776977,0.00012812186057569
"m06247","region063",0.00690401426250723,-0.0603293428147377,0.0328664467908293
"m06327","region064",-0.00109872993138551,0.0163099929396352,0.556180890415809
"m06337","region064",0.0299057877998894,-0.0083220275900405,0.763800477524046
"m06350","region064",-0.00793027269780996,-0.0211448408864443,0.445912646826302
"m06364","region064",-0.000706153188780398,0.00229783316154285,0.934338865909633
"m06367","region064",0.0026592529901623,-0.00233610253477104,0.932838279750119
"m06373","region064",-0.0119373022101119,0.00965801526147108,0.72869080476785
"m06383","region064",0.0181973475034063,0.0146952778223917,0.595720175648941
"m06402","region065",0.0544400980274608,0.0809959527942354,0.00462758520732833
"m06420","region065",0.0074637686839293,0.0377089794908855,0.175922937653034
"m06447","region065",-0.00185451685868877,0.0369887434519125,0.1877505078073
"m06450","region065",-0.00268455348431294,0.0212713922925832,0.450165764654793
"m06473","region065",-0.0139778652042082,-0.0190285269129525,0.494444152202297
"m06475","region065",0.0332696031032381,0.0726979794257897,0.0091244176956993
"m06499","region065",0.00480768135001801,-0.0452798381623563,0.105557900781219
"m06510","region066",0.0325648459929913,-0.0283883219847025,0.306016767448714
"m06538","region066",-0.0188848461362654,-0.0764765748871929,0.00659775517077262
"m06546","region066",-0.0429019607997613,-0.0033566142765962,0.905234795716322
"m06569","region066",0.0222637899747195,0.0236061020047978,0.397417280803569
"m06570","region066",0.0369095776085013,-0.00971405334838195,0.729038498343919
"m06575","region066",-0.00880036668664636,-0.0329950046476941,0.247023539942664
"m06578","region066",-0.0065880783073035,-0.00722603614051906,0.794934615191309
"m06613","region067",-0.0152159638947353,-0.0119206791847085,0.669617176552886
"m06616","region067",-0.00598686888750257,-0.0475623644274211,0.0869243998088281
"m06626","region067",-0.0147122969859063,-0.0790892495386721,0.00535638268018514
"m06639","region067",-0.00260683051327855,-0.0201217000612622,0.474487595512898
"m06654","region067",0.00119737303346984,0.0112112061313702,0.687005820915643
"m06684","region067",0.018712549403013,0.00330766968302798,0.906387078972291
"m06691","region067",-0.000601084496158786,0.00110794884260851,0.967656028760924
"m06715","region068",-0.00742793180072415,-0.0506233822596722,0.0673890550971644
"m06754","region068",0.00548644745096476,0.00766240778986683,0.776989194574979
"m06761","region068",-0.00822930307403322,-0.0321597369381236,0.251585413706812
"m06787","region068",0.00807085112447569,0.0545851797996892,0.046452647874654
"m06794","region068",0.0171772428480962,0.0250963583691373,0.370192465476067
"m06802","region069",0.0167030068459836,-0.0374935419351949,0.172809298804027
"m06845","region069",0.00103933161388438,-0.0246356169810937,0.376153078086873
"m06847","region069",-0.0282629181492873,-0.0336092128497869,0.233839620679248
"m06877","region069",-0.0587092637932814,-0.0407011388491179,0.141675605504592
"m06880","region069",0.0457814373582811,0.0244009710421163,0.383781280982178
"m06898","region069",0.0128234627810887,0.0366336768605889,0.182150051711846
"m06900","region069",0.0247330479864914,0.0269806131957891,0.336348416546202
"m06902","region070",-0.0176155428173777,-0.0106802563253155,0.697245918124399
"m06903","region070",0.00485134035965262,0.0326433059517099,0.237860236456037
"m06914","region070",-0.0207562522772971,-0.000122585260437785,0.996512731146859
"m06921","region070",0.0380806602884785,-0.0334695592776606,0.229234057831299
"m06929","region070",0.00754044999187733,-0.0207674759954243,0.450727679934196
"m06933","region070",-0.0326760531454866,-0.015349730306581,0.588604893785376
"m06935","region070",-0.00348604217904439,0.0545376221520417,0.0548228415863597
"m06939","region070",-0.0118368760547018,-0.0316429115345552,0.252500097310405
"m06953","region070",0.00389975212813024,0.0405446838482331,0.14332134313322
"m06955","region070",0.00458080678925964,-0.00554899448608331,0.843847135745097
"m06964","region070",0.0310931142203393,0.0341040327533814,0.21434524075172
"m07007","region071",0.00234473766724178,-0.0159479078287156,0.568574396954713
"m07039","region071",0.0204188299404203,0.029364525983306,0.290631420969785
"m07042","region071",-0.0193516688650608,-0.0372968381517103,0.185093267749958
"m07050","region071",-0.00796773127440487,-0.0255810486334182,0.355382271110932
"m07073","region071",-0.0538668522525904,-0.0440359541493117,0.11750328656632
"m07076","region071",-0.030643257769847,-0.0828171078329862,0.00307982963607601
"m07110","region072",-0.0048237111208762,-0.00774666261425211,0.78266711107429
"m07121","region072",-0.00562945502510925,-0.030010180958242,0.285927064859299
"m07136","region072",0.00456361428651892,0.0148023115137476,0.597149968379486
"m07141","region072",0.011965766174103,0.0514404125487196,0.0653670026529359
"m07189","region072",0.00531980352726455,0.0410228361496544,0.144584895929023
"m07195","region072",-0.000316020223419458,-0.0188365045408528,0.503874475632646
"m07200","region072",-0.00723925173456952,-0.00299592602536949,0.913395770066362
"m07205","region073",-0.0692704355172885,-0.045508594830931,0.107004007535752
"m07207","region073",0.0199121087880653,0.0117702597939084,0.673949583803106
"m07224","region073",-0.0513443766825731,-0.0653044482622551,0.0171776203739051
"m07253","region073",-0.0119252311717116,0.0421104166247932,0.128460860591759
"m07297","region073",0.0495939414740791,0.0399779350978054,0.150703592653193
"m07298","region073",0.00443261450070586,0.0139060528020643,0.621705917538023
"m07305","region074",0.0293352857170853,0.0383427306700268,0.169857905291867
"m07323","region074",-0.00633046209415755,0.0424290620265071,0.127874354821927
"m07330","region074",0.00889284600747153,0.0183270863590094,0.512272632026896
"m07352","region074",-0.0199267761610808,-0.0322838941253157,0.241389895277427
"m07359","region074",0.0116447420151721,-0.000519973561910366,0.985034975746693
"m07360","region074",-0.0089487031879388,-0.0154656231608742,0.580388365394041
"m07364","region074",0.00181827813995793,-0.0367267120547172,0.183025671686111
"m07366","region074",0.00926410103040088,0.048972358791866,0.0811829980289655
"m07370","region074",-0.00301491582102838,0.0185076250049274,0.508048599082214
"m07380","region074",-0.0241905565885157,-0.0602522807783051,0.031995698774623
"m07421","region075",-0.0287187928084998,0.0117628751771135,0.682561913251165
"m07444","region075",-0.0096243840151894,-0.00602908675678064,0.830438921510863
"m07446","region075",-0.0377168306478462,0.019348002183829,0.48545652724387
"m07449","region075",-0.00816094920842646,-0.0252709868406407,0.368580399333806
"m07480","region075",-0.00101552354122548,0.0160921044366889,0.568202596495083
"m07486","region075",0.00667447198185538,0.0274139999695435,0.331307994721424
"m07488","region075",-0.0108925449081743,-0.0459833896292719,0.101500005942996
"m07495","region075",-0.000490243791325759,-0.000701585745377288,0.980021897947461
"m07496","region075",0.0397527012186256,0.0436802990458052,0.118327229746492
"m07503","region076",-0.00803609262017459,0.0166804935264018,0.55447619625956
"m07511","region076",0.0285440259847524,0.0422727648720697,0.12529417883837
"m07517","region076",-0.0196232421003215,0.036584399088277,0.197120041758118
"m07518","region076",-0.0223293183593818,-0.023748279567482,0.398303433877834
"m07524","region076",0.000815336438819348,-0.0144302039229174,0.614050876227104
"m07527","region076",0.00511124733874941,0.00521178572191439,0.852944301270368
"m07533","region076",0.00843873881189608,0.0347460065197744,0.222154146755385
"m07536","region076",-0.00868610035923051,-0.0162043942420905,0.557728365052609
"m07543","region076",-0.0195423274003644,-0.0219680714556551,0.427666953061616
"m07551","region076",-0.0292521545173414,-0.0421809574998986,0.13549908613584
"m07571","region076",0.0207016743508999,0.0174153048798471,0.534511691178845
"m07577","region076",-0.0247793247018315,-0.0477814907579778,0.0972407185804833
"m07611","region077",0.00576531029734785,-0.0360161984790484,0.194443277131647
"m07637","region077",0.00796408132348538,-0.00246043998701335,0.93052063730575
"m07655","region077",0.0668089964380632,0.121452229466577,1.70534456184362e-05
"m07659","region077",0.0221281822367932,0.00772461645322696,0.779511219337702
"m07660","region077",0.0333141756283614,0.0282636879402832,0.306748160716305
"m07679","region077",0.000926698977776291,0.00330134745493302,0.906542339993624
"m07705","region078",0.0362757712712523,0.0711564410737624,0.0105039128162605
"m07717","region078",-0.00699952921770352,-0.00804186023137642,0.773082500843264
"m07725","region078",0.0186908652184315,0.0550056697713304,0.0499322900777172
"m07730","region078",-0.0222965524634991,0.0488472016682998,0.0788284480035938
"m07731","region078",0.00307888563946118,0.0445302402101191,0.109967138691602
"m07736","region078",0.00992401682236875,0.0329320533012843,0.23734030459882
"m07755","region078",0.0131407621748142,0.00431064508109608,0.877168244433515
"m07758","region078",-0.0130807949488642,-0.00230670055055839,0.934557666968808
"m07779","region078",0.0256031103852117,0.00993499981975942,0.718890133153673
"m07795","region078",0.00153894902224071,-0.0321515042929955,0.246788716467149
"m07812","region079",0.022039607803573,0.0305036281519745,0.280104907801892
"m07816","region079",0.0345264009136164,0.0151361755234107,0.590375732857176
"m07827","region079",-0.00142002056564646,-0.0304510151231078,0.274764617063691
"m07844","region079",-0.00828272838019972,0.0238292421531441,0.39345642152645
"m07860","region079",0.00738032063082724,0.0010916178400527,0.968974236944592
"m07881","region079",0.0371352854563866,0.0452015044842049,0.104932368367113
"m07888","region079",0.0208670106265424,0.0285430030766108,0.307608468066086
"m07893","region079",-0.034246848632732,-0.0687984884318472,0.0155227703501399
"m07894","region079",-0.00384937186571109,-0.0254470202072801,0.372115790577409
"m07901","region080",0.0402010540436591,-0.0045748168417303,0.870775052362559
"m07902","region080",0.00608662770998031,-0.00456128704664567,0.870121017736708
"m07909","region080",0.0333681070717703,0.040816746268472,0.146927220394198
"m07918","region080",0.00570970878147874,-0.00589359795442258,0.832335017446716
"m07965","region080",-0.00448605037184552,0.063774843203672,0.0223685046475713
"m07979","region080",-0.00361796769957253,0.0237881760581819,0.385314094336346
"m07983","region080",-0.00362019480100617,-0.0237408259344605,0.397128259558576
"m07987","region080",-0.0120250520499089,0.0138557187146004,0.614373673983903
"m08037","region081",0.00686875040468344,-0.0320831640471437,0.247059521465019
"m08049","region081",-0.026012232226987,0.00431262620875419,0.879924594591949
"m08100","region081",4.66645186281618e-05,0.024717704474558,0.372290899424636
"m08101","region082",0.0324273075069661,-0.0197948348469112,0.483843241326007
"m08142","region082",-0.0154438778614855,-0.0402140549418454,0.159561434411358
"m08145","region082",-0.00755345890538553,0.00523833396758628,0.852707869170106
"m08347","region084",-0.00551164764074278,0.0119190677122859,0.671328292980161
"m08391","region084",-0.0124875463055052,0.00100678407307762,0.971290049665796
"m08489","region085",-0.000207853312337394,-0.0130513235825506,0.641992087542411
"m08546","region086",0.00625880364469869,0.000857978249407777,0.975439107501461
"m09302","region094",0.0498026353366057,0.0315647040327,0.257494147596745
"m09425","region095",0.00938611168448808,0.0333153411201685,0.234375287450317
"m09456","region095",-0.0400575537819096,-0.0801784406177767,0.00386032377154178
"m09521","region096",-0.0242935042651354,-0.0102976131751075,0.712451776182297
"m09538","region096",0.0183052896994451,-0.0261779458299361,0.342173066847273
"m09704","region098",-0.0127422900737462,-0.0623864861830377,0.0231505253469363
"m09779","region098",-0.0144287730285174,-0.0279515937216303,0.317230421643964
"m09843","region099",0.00520694591767395,0.000863977938289407,0.975448694752164
"m10023","region101",-0.00352941356781342,-0.0158226198287202,0.576171332831798
"m10225","region103",-0.0289802487175747,-0.0286815627777251,0.303560974437391
"m10226","region103",-0.000691317419869214,0.0391426844008867,0.177758321126058
"m10513","region106",-0.0433457895752491,0.045791210548337,0.103570122433735
"m10548","region106",-0.029559397418327,-0.0614100108538466,0.0296945875117495
"m10888","region109",-0.0274120341072086,-0.00991426983067275,0.721226520930649
"m11274","region113",0.00683691517982185,0.053119752735729,0.0587050865443511
"m11381","region114",-0.010402999565507,-0.0654829220662401,0.0196900235954739
"m11703","region118",0.042151722182353,0.0419634331227652,0.138285408742028
"m11750","region118",-0.0213336108971618,-0.047369708429459,0.0883407632956259
"m12314","region124",-0.0294070732725153,-0.0204649401977376,0.467183144868301
"m12749","region128",-0.0507763901578043,-0.0243169778382157,0.381343102804866
"m12866","region129",0.0223966315191947,0.0219158064312885,0.431235265314107
"m12920","region130",-0.0501720199859216,-0.0409549621101781,0.145996651933777
"m12933","region130",-0.0468500538358071,-0.0683683908974993,0.0126890276390743
"m13432","region135",-0.0300911047976721,-0.0386609239731938,0.172907273076871
"m13447","region135",-0.0102138091231691,-0.00486920740170803,0.862714680508166
"m13557","region136",0.00178791349952665,0.0101401184930863,0.717720816070687
"m13569","region136",0.0167201757515977,0.0534784243183904,0.0548348866810919
"m13708","region138",0.00975489264866652,0.00277008327173905,0.922078591796771
"m13935","region140",-0.0197512012158036,0.0145378626098139,0.604250352073512
"m13979","region140",0.0346174285215064,0.00623748811136044,0.822683361810321
"m14075","region141",0.00058085438838162,0.0729232056554187,0.0103701980221835
"m14128","region142",0.0227094379632873,0.00934366853511789,0.741671102566979
"m14138","region142",0.00502529211711,0.00254151099944471,0.928085710942578
"m14411","region145",0.00546304302229425,-0.00806064123331424,0.777121639099563
"m14419","region145",-0.0239192411337054,-0.00318972439263857,0.908695443839539
"m14478","region145",-0.0144089170990244,-0.0259137273262585,0.349843055396379
"m14607","region147",-0.0169310353523284,0.0216557279098181,0.445237534727676
"m14697","region147",0.0148319711707067,0.0196608651223761,0.479977581805924
"m14909","region150",-0.00205872985973691,0.00447595429392357,0.87315120820138
"m14924","region150",0.0250535524865465,0.0303741677319347,0.265529320971941
"m14941","region150",-0.0113930801975523,-0.00729237269312564,0.794754035501591
"m15033","region151",0.0185850701115666,0.0198206782663834,0.482769767153022
"m15055","region151",0.0127191475281918,-0.0196771364749365,0.476682346952501
"m15151","region152",-0.0113404492299853,-0.00373721311450206,0.894222020698329
"m15178","region152",0.0137063351405997,0.0122710179685454,0.654746700784426
"m15433","region155",0.000187234127365035,0.0294161233944352,0.296868212795168
"m15558","region156",-0.00467553607364403,-0.0168667297802315,0.548044302498793
"m15598","region156",0.0263649280530994,0.00168771246712486,0.951504403000941
"m15775","region158",0.0330066568804499,0.0595237881922354,0.0321653927454258
"m16046","region161",0.00175097417712591,-0.0160495382247961,0.55823697969751
"m16227","region163",0.0316555852915921,0.0607937017831702,0.0304639028887017
"m16449","region165",-0.0356500332544375,-0.0504573916831791,0.0736850079695997
"m16471","region165",-0.0209154688767596,-0.0389482162603612,0.162935260376989
"m16602","region167",0.0160850777340338,-0.00829718480573154,0.764320560655193
"m16733","region168",-0.00849247144037956,-0.00454567861791261,0.871126679082687
"m16738","region168",-0.0113906844061934,0.0246113524074902,0.368497858069349
"m17366","region174",0.0212922574561683,0.0123761726437776,0.656495402349528
"m17400","region174",0.0144494233676456,0.0152876514217416,0.588565315915966
"m17406","region175",0.0180363431521772,0.0250489422132856,0.383856817514203
"m17493","region175",0.0583675579750803,0.0618229877692677,0.0299203363664179
"m17610","region177",-0.0277753788990307,-0.0324988617195425,0.246377298829023
"m17694","region177",-0.0140992701994645,-0.0313344530646312,0.257224290305771
"m17765","region178",0.00426163024936631,0.0273526510068256,0.340426857744994
"m17804","region179",0.000328602345579509,0.0103583810694516,0.711570155065312
"m17973","region180",-0.0074540899769328,-0.0178069668122535,0.527367233509691
"m17975","region180",-0.0139760189588723,0.0124720967663986,0.654983243722694
"m17976","region180",-0.0340739720698743,-0.0286244392277994,0.30143817741919
"m18012","region181",0.00946851663959064,0.00296429251477989,0.915257180377934
"m18185","region182",-0.0386959050036427,-0.0596961013780668,0.0319488994586878
"m18202","region183",-0.00380271582604596,-0.0286204261240332,0.311076058487416
"m18703","region188",0.0113457420263654,0.0392631206304754,0.168631346634052
"m18754","region188",-0.00241922693340601,-0.00298261687301997,0.915997691846534
"m18790","region188",-0.0178294658852827,-0.00191559724171311,0.945068731631393
"m18855","region189",0.00952339205292274,-0.0300151550440929,0.279382595498218
"m18925","region190",0.0166680007474258,0.0772157492618081,0.00499926450938632
"m18930","region190",-0.0405122968852454,-0.0112385043831622,0.688614181648567
"m18987","region190",0.0227604784591014,0.037783273293965,0.187036367527458
"m19066","region191",0.020365287645055,-0.0277196290684399,0.321609103098325
"m19148","region192",0.0121631978642927,0.0170702829663695,0.546742952162976
"m19186","region192",-0.0075812375805749,0.0283356887221287,0.31028863266342
"m19356","region194",-0.0102658711397064,0.0330193022242661,0.248444416058098
"m19507","region196",0.0156526731191055,0.025467033101047,0.364544661713696
"m19684","region197",-0.0133706263909446,0.00140389752416664,0.959730813468125
"m20336","region204",0.0159023123765663,0.0366247895203356,0.186940440818684
"m20366","region204",-0.00496012248061177,0.00888315748071023,0.755751350905358
"m20698","region207",0.0136775446005555,-0.0291459152593569,0.301961461206987
"m20769","region208",0.0225445601887453,0.0115335278219555,0.680679912293954
"m21218","region213",0.00922247834151625,-0.0259194401671488,0.354934614383436
"m21274","region213",-0.00892783033765353,-0.00806865182814805,0.772713278459747
"m21287","region213",-0.00426723236542938,-0.0356461581426668,0.196046891148907
"m21318","region214",-0.023196673572365,0.0121089627610791,0.663118204935802
"m21648","region217",0.0269759277219161,0.0614666192625636,0.0295376360594992
"m21705","region218",0.0389173423911418,0.0757020439526552,0.00736418620612017
"m21744","region218",-0.0168130155354308,-0.0223345983291818,0.435851589326198
"m21777","region218",0.025128517043754,0.0171480870292032,0.534858738041535
"m21846","region219",0.00402602927349717,0.025985231813441,0.359995391277784
"m21924","region220",-0.017461333681997,-0.00212482474232618,0.939568707936865
"m22088","region221",0.0344531769605593,0.0032288119897543,0.908809179622802
"m22298","region223",-0.0265513582947975,-0.00808415615032346,0.776127710355361
"m22434","region225",0.00473728598854512,0.00700397304608814,0.798658815677726
"m22575","region226",-0.0130248658087702,-0.0239088175999169,0.386670655081976
"m22941","region230",-0.0385364646979267,-0.051550676744909,0.0650273160021651
"m22949","region230",0.00197354546583045,0.00309796694415016,0.912611966633621
"m23024","region231",0.0283131666400284,-0.0115609178771962,0.678838605357414
"m23092","region231",0.00253484665840713,0.0335162721892783,0.231356667436487
"m23126","region232",-0.0415103430727614,-0.0627148300624786,0.0258160627083027
"m23330","region234",-0.0178990106321132,-0.0153458403877733,0.584039698725528
"m23582","region236",0.0315512196632042,0.0170190484376932,0.541925400497008
"m23586","region236",-0.0188906374094828,-0.0334683370168102,0.232410685430634
"m23869","region239",-0.0068781509076746,0.00798808399258804,0.778733130258499
"m23976","region240",-0.0158870086698849,-0.0156655683034745,0.572523632184723
"m23990","region240",0.00357787223369511,-0.000940246218479452,0.973117066818772
"m23998","region240",-0.0350520516695031,-0.0368402634553678,0.187671207089296
"m24147","region242",0.00508964832373558,-0.00690810263647166,0.804507461891081
"m24172","region242",0.00259608518978682,-0.0239416152808875,0.389377162285418
"m24194","region242",-0.0299029786131028,-0.0459732097438927,0.09630984870708
"m24213","region243",0.0158711634173007,0.0200623509387616,0.48005725736375
"m24224","region243",0.000191820719150177,-0.0325730774779197,0.248410374538005
"m24288","region243",-0.00258739721250843,-0.0342731793658865,0.214985037507596
"m24309","region244",0.0253886447436711,0.0726638955534516,0.00929351051299272
"m24357","region244",-0.0260596139159598,-0.0350255176575675,0.203966917696883
"m24380","region244",0.0174933497758927,0.0665676773465968,0.0187678882701431
"m24446","region245",0.015124512370367,0.00640144033498472,0.820027243580369
"m24472","region245",-0.0121135905505232,-0.0229868530060434,0.415672790683448
"m24589","region246",-0.0151783840479382,-0.0609928971748448,0.028583737177784
"m24605","region247",0.0173717270135179,0.0298986476651865,0.27335792352721
"m24734","region248",-0.0451916906723632,-0.0460951599185137,0.1077679075291
"m24742","region248",0.00573804816665497,-0.0228770047486014,0.416508242291779
"m24764","region248",0.0237907919272888,0.0117064564234443,0.673032348314018
"m24803","region249",0.0337292883927243,-0.00982584452574559,0.733423102188714
"m24857","region249",0.031848126071835,0.0365057188366907,0.198006444201712
"m24903","region250",0.0391294810839611,0.0272433159763092,0.332357049263946
"m24949","region250",-0.00724653376751441,0.0185353169743757,0.510736963814121
"m25086","region251",-0.0140084834045874,-0.00642050817381466,0.82171282927406
"m25145","region252",-0.0264411898898732,-0.0184055305976371,0.513839571709186
"m25243","region253",-0.0215849420698891,-0.0378563056869957,0.184223754493343
"m25403","region255",0.0164695613869519,0.0198905047592433,0.480028151659604
"m25530","region256",0.00979639673577616,-0.00231351452315177,0.934018006349917
"m25652","region257",0.0145729908320009,-0.0295717144078995,0.283459220606817
"m26024","region261",-0.0165155736958325,0.00240491129515566,0.931768746310874
"m26120","region262",0.0104627862979255,0.0181856443432974,0.519104187750293
"m26249","region263",-0.0446964955000922,-0.0655620334195392,0.0180157436606599
"m26440","region265",0.0115345848319366,0.000901532744880925,0.974118070044821
"m26566","region266",0.00169512025327494,0.0619804114473476,0.0296031272597497
"m26574","region266",0.0146712784014634,-0.00734053015292831,0.793787470710945
"m26751","region268",-0.0151179311126036,-0.0332247268031112,0.226296326397794
"m26765","region268",-0.0286186242348862,-0.0716347343959247,0.0105357531851076
"m26788","region268",-0.0380915033422464,-0.0172662691595636,0.539799031353721
"m26796","region268",-0.0109543240207414,-0.0196739086903923,0.478931896991552
"m26827","region269",-0.0156743749674923,-0.0386806637088046,0.170904366196198
"m27202","region273",-0.00978692745895469,-0.0231388529920429,0.410535988983947
"m27276","region273",-0.0206712797455584,-0.0144870369324734,0.609097824652965
"m27422","region275",0.0137000206232313,-0.00765491184783577,0.786254833598069
"m27436","region275",0.0127514615552386,0.0130738668706141,0.635086578610081
"m27606","region277",-0.0182148654603523,-0.0493851622870577,0.0794277919163782
"m27631","region277",0.0248876400780516,0.0570779049628306,0.0416590827223101
"m27693","region277",0.00246473085786994,-0.0319580250261908,0.253483953296812
"m27946","region280",0.018810659732871,0.0191985625951843,0.495712806464596
"m28030","region281",-0.0127446607066743,-0.00516471228127726,0.85548052645442
"m28047","region281",0.0459662801290721,0.0601670798524336,0.0317224061764023
"m28150","region282",-0.00229108628722141,7.46489724762397e-05,0.997852666504029
"m28209","region283",0.0178617362603757,0.0151657900644536,0.579064983565372
"m28492","region285",-0.0297800676188804,0.0263477831837392,0.351255932499887
"m28506","region286",0.0092222630621567,-0.00878325489449854,0.752017125293337
"m28579","region286",0.00959703092977182,0.028857490258437,0.303770224834983
"m28787","region288",-0.0341334451899783,-0.0539407368148736,0.0521626920329118
"m28798","region288",-0.0433381748676306,-0.061653942668542,0.029525877685025
"m29014","region291",-0.00561312253777965,-0.00434882504235434,0.877519316275342
"m29112","region292",-0.000993132365144651,0.0145106099834192,0.60616654559253
"m29136","region292",-0.0303117087264001,-0.0826717438780741,0.00294749067366431
"m29170","region292",-0.0331255467630951,0.00240212799036609,0.931532226730368
"m29343","region294",0.0324527903960613,0.0257869119294044,0.347552569557176
"m29527","region296",-0.00166152515053776,0.0150160366082555,0.58876228762778
"m29695","region297",0.0297348900811266,0.0203148343802974,0.46404647366976
"m29873","region299",-0.00470033319911162,-0.0493628903209438,0.081121246138655
"m29894","region299",0.0104137350107762,-0.00750651203070774,0.785451292700216
"m30102","region302",0.0338511210151745,0.0518957563955582,0.062221356362693
"m30189","region302",-0.0314177745647501,-0.034300635491826,0.214359911386311
"m30523","region306",-0.0267069442444698,0.0188533842729283,0.49968255818044
"m30714","region308",0.0273038138577576,0.0399329340087733,0.149378245979614
"m30723","region308",0.0190168137969472,0.0566210872702596,0.040568981729791
"m30847","region309",-0.035283983437983,-0.0210661906311684,0.454283686188315
"m31000","region310",-0.0210421353309584,0.00996692815853143,0.720418583104896
"m31110","region312",-0.0146913557360765,-0.0218658635847348,0.433338392720552
"m31247","region313",0.0135378366957107,0.0169065844138721,0.541149557993627
"m31302","region314",-0.0143616867659197,0.0141979292995359,0.610403825745664
"m31418","region315",0.00315521043594203,0.0276446523206637,0.319579425529805
"m31716","region318",-0.0123301909996258,-0.0271018286070493,0.34259071260416
"m31783","region318",0.0194391534858128,0.00894615983195666,0.745174305304954
"m32138","region322",0.0291125170499053,0.0279732829934704,0.319435458946224
"m32591","region326",0.00154064145613012,-0.0180514013971635,0.519348997245212
"m32598","region326",0.00792184069758678,-0.0403968078189628,0.152801383533181
"m32651","region327",0.0236400669398843,0.0369428869765536,0.189808551365775
"m32865","region329",-0.0268097928970287,-0.0803266758436193,0.00357299092601473
"m32883","region329",0.0207833771047107,0.0479787609778365,0.0909385217475829
"m32931","region330",0.0389155416193618,0.0271784245010563,0.327535062587022
"m32993","region330",0.00687684561710805,0.0300883247519656,0.283164211276092
"m33179","region332",-0.00961151080244305,0.0114582883307798,0.680087091671438
"m33191","region332",-0.017575097632104,-0.0298594431638678,0.292411082713923
"m33219","region333",-0.0185785265161094,0.00171758165325792,0.951630170782281
"m33311","region334",-0.00451947857795899,0.00449114045549359,0.873412138324052
"m33379","region334",0.0155296433207393,0.00708916677440522,0.797450402469034
"m33792","region338",-0.000817896277909334,0.0357908476667674,0.198149388514583
"m33927","region340",-0.0155820084850503,-0.0355012693226437,0.206641099431708
"m34364","region344",-0.00756808661093192,0.0144585662699253,0.59929801451588
"m34648","region347",0.00382304220633141,-0.0207588576254746,0.454805428335457
"m34800","region348",-0.0149704928044668,-0.0558329767196544,0.0465713961390674
"m34927","region350",-0.00594266096819895,-0.0459398909950384,0.103315383163663
"m35260","region353",0.0176221204091117,0.00814406447553284,0.769473084976633
"m35264","region353",-0.0039001331357495,-0.0220678034187711,0.431086340741922
"m35311","region354",-0.0275224252564306,-0.0550622909808591,0.045506559667833
"m35341","region354",-0.0295287574664474,-0.0251141873760628,0.371375737112403
"m35589","region356",-0.023061775868449,-0.0649401580136387,0.0182525129712633
"m35689","region357",-0.00249632164192877,0.0230012793722374,0.414607626361049
"m35926","region360",0.031252339354372,0.0424480378567612,0.125296070825765
"m35938","region360",0.00772610043077462,0.028463474725011,0.326620915237567
"m36157","region362",-0.0264482885084101,-0.0330169556554456,0.236399288896798
"m36441","region365",0.013305211480476,0.0277857106897427,0.323436300282085
"m36519","region366",0.0273097615883014,0.0418431605059119,0.135539684257421
"m36697","region367",-0.00323279507716764,-0.020883363936519,0.457778355047876
"m36906","region370",-0.00957412665474262,-0.0409566346813806,0.143154698469782
"m37098","region371",-0.00668977131932218,-0.000643735053488915,0.981518941309758
"m37122","region372",0.00646954218674466,0.0145473531968614,0.598900004593242
"m37197","region372",0.00379701515912115,0.000489867297617428,0.986017329828614
"m37435","region375",0.0228503996555226,0.0230332280292512,0.416410214337419
"m37507","region376",0.000116616691982538,0.00474242619520115,0.865064683459586
"m37636","region377",0.0212901559189165,0.04288743583152,0.122097304274642
"m37852","region379",-0.0259460562032402,-0.07281440456121,0.00889140743764595
"m37871","region379",0.00466037865414584,-0.0447949439974395,0.112278696218355
"m37896","region379",0.00660427440231802,0.0504836895379519,0.0725223829869871
"m38047","region381",0.0318523151195285,0.0224463415850379,0.417203559764837
"m38101","region382",0.0157965060935471,-0.0397761645038002,0.154841802749843
"m38126","region382",-0.0171662561141442,0.00325876313188798,0.906079371251556
"m38140","region382",-0.0492322725922165,-0.0392930069176968,0.163819985361191
"m38249","region383",0.00111339707012112,0.0131473460438221,0.636699460796025
"m38269","region383",-0.0365435291662699,-0.00769825638853858,0.786435225329382
"m38304","region384",0.00287010768768098,-0.02898628916733,0.308655792042886
"m38425","region385",-0.0197884920100284,-0.00539812646529257,0.847282134999907
"m38504","region386",0.0103458522803096,0.00644289942849828,0.817713668219982
"m38682","region387",-0.0224242698129815,-0.0712936324928336,0.0104014363240952
"m38882","region389",-0.00753036122765981,-0.0453720759965321,0.104095893928337
"m38955","region390",0.0188060145635016,0.00708578186120308,0.796782932384106
"m39067","region391",-0.00708918675573628,0.0224836975546538,0.426296430907279
"m39214","region393",0.00633619061126541,-0.0146794262766459,0.596350133778832
"m39250","region393",0.0442225274385494,0.0804210915376814,0.0046128019168452
"m39307","region394",0.0255846629115656,0.0301598141080907,0.277555114485953
"m39345","region394",-0.00838083332826861,0.00603144388610183,0.830759996163503
"m39433","region395",-0.00259316898807237,0.0312276890151547,0.26244860250809
"m39462","region395",0.00487052615285608,-0.0323644746211978,0.242547100795636
"m39737","region398",0.00969476562538741,0.000944458646355563,0.973152180328015
"m39922","region400",0.0081322365887355,-0.0300635595817497,0.287009959303167
"m39944","region400",-0.0322660340650445,-0.0310835286474395,0.265098650453266
"m40025","region401",0.0226002987437922,0.00951913339030658,0.734047414633396
"m40525","region406",-0.0234894688268188,-0.0255769349561823,0.35962697340911
"m40527","region406",-0.0320069537606863,-0.0264394141127867,0.343364204854669
"m40529","region406",-0.0179040062354097,-0.0149412850507225,0.597115381829634
"m40579","region406",0.0201825374543089,0.0273994203601091,0.33477870248073
"m40628","region407",-0.00129904421321716,0.0228486762441934,0.422572332640314
"m40671","region407",0.0120087008164543,0.0119879419709713,0.67178778002374
"m40779","region408",-0.00325504703039968,-8.00781680950175e-06,0.999767669812302
"m41108","region412",-0.0440300599838791,-0.0192548755663785,0.490681341209231
"m41322","region414",-0.008736904501568,-0.0227790970717728,0.408726806208912
"m41478","region415",0.0113086633356136,0.00352701312106757,0.900395981007253
"m41791","region418",-0.01264928346301,-0.00651627657372339,0.815274992219867
"m42031","region421",-0.0168375861372988,-0.0277346159862319,0.331616378196796
"m42101","region422",-0.0132279107171748,0.00269386810113526,0.922471002342764
"m42150","region422",-0.0132218714074935,0.00834012018329088,0.767036250940578
"m42152","region422",-0.0242335243761485,0.0279759386170246,0.328870378029678
"m42503","region426",-0.022310966873699,0.0211107948359859,0.45015840364341
"m42551","region426",-0.0624975318025893,-0.0672241927379825,0.0156235710973827
"m42704","region428",-0.017492315167132,-0.0108218131699043,0.700462922985085
"m42773","region428",0.0285535293842517,0.0214401635883818,0.447598672755839
"m42857","region429",0.031898095327846,0.0916217769219897,0.00106959679335279
"m43387","region434",0.00588564533255411,0.0343541967832812,0.220873676686013
"m43405","region435",-0.0467758149353304,0.0501752974460495,0.0725069364938185
"m43563","region436",0.0354427737577211,0.00908185516095784,0.74621134608143
"m44125","region442",-0.0289047042044456,-0.0550630731335882,0.0474327888150206
"m45131","region452",-0.0141444993197071,-0.0108293027229801,0.704477199031162
"m45181","region452",-0.00176258775206534,-0.000801705465500122,0.977296561797112
"m45382","region454",0.00223839975306927,0.0317992931395938,0.25613189891464
"m45389","region454",0.0127968184215602,-0.0471159179923639,0.0860552274029748
"m45471","region455",-0.0451162606099499,-0.0987624074964255,0.000397984011113225
"m45627","region457",0.00623859033769217,-0.0430015759089843,0.124227611327281
"m45698","region457",-0.0564257309182785,-0.0802160554447889,0.00505580713145729
"m46034","region461",-0.0316090304008203,-0.0284939955238256,0.311387982437394
"m46220","region463",0.0205807666231858,0.0289257595918654,0.292515525966652
"m46311","region464",0.00756893711783643,-0.0551811571618378,0.0499186078089872
"m46435","region465",0.0232062347231614,0.0175277423466146,0.530758230337742
"m46544","region466",0.0272618107094014,0.0393751862048271,0.163535060763915
"m46796","region468",0.0130028792149545,0.011142729306368,0.692544368098303
"m46918","region470",0.00573700163229425,-0.0136722853795822,0.625566155251566
"m46984","region470",-0.0161181960052061,-0.0222158321441171,0.435559773547392
"m47246","region473",0.0164743065235172,-0.0100920416108579,0.717223306742016
"m47401","region475",-0.0284193091826424,-0.0417588517467141,0.13570228728243
"m47636","region477",0.0250687953043168,-0.0125645640709795,0.651572394218224
"m48199","region482",0.0177975137381725,0.00652415780246271,0.816091112381954
"m48379","region484",0.00461159173671566,0.0270987967327913,0.334398894570752
"m48382","region484",0.00886647908663649,0.0585787454699435,0.0384643006021016
"m48388","region484",-0.0368707685273451,-0.0273409516588498,0.333108224091365
"m48474","region485",-0.0084542144765798,-0.0607329006217373,0.0280586155255665
"m48533","region486",-0.00128858913036951,0.00116034241944568,0.966483563614444
"m48583","region486",0.0166744512953421,0.0565938390457585,0.0423262031618611
"m48663","region487",-0.0249122868779457,-0.0299007292864878,0.283657439394383
"m48690","region487",0.0141204038222303,0.0255898607583263,0.360438179440669
"m48873","region489",-0.0157381011241972,-0.0508052953450019,0.0746688962763395
"m48883","region489",0.00745277551959153,-0.00790811483849395,0.778423168972137
"m48909","region490",-0.0339681699548415,-0.0326749201586699,0.241686476237673
"m49096","region491",-0.00741811834141998,-0.011476042668495,0.682042659448293
"m49203","region493",0.00514116290431385,-0.0301120858546017,0.282018469398169
"m49252","region493",0.0106365294095159,0.0139083093978905,0.618528450206486
"m49332","region494",0.0268542706037102,-0.0118652536345509,0.6676864346494
"m49336","region494",0.017741781657699,-0.0121644453293288,0.654155786484519
"m49824","region499",-0.0111034336841046,-0.0164461372325416,0.55749647300976
"m49837","region499",-0.0166549547901349,0.00471130442344474,0.866047458842826
"m49868","region499",0.00897931808724335,0.0563005745686429,0.0435823678684323
"m49887","region499",0.0216120302664527,0.0181642235987127,0.520809528199011
"m49914","region500",0.00380934347985509,0.0358073385766308,0.203725757392088
