"replicate","seed","parameter","estimated","status","draws","mean","sd","median","lower","upper","hpd_lower","hpd_upper","diagnostic_status","rhat","ess_bulk","mcse_mean","method","truth"
1,20262100,"residual_variance",FALSE,"available",2800,1,0,1,1,1,1,1,"not_updated",NA,NA,NA,"bayesc",NA
1,20262100,"effect_variance",FALSE,"available",2800,3e-04,0,3e-04,3e-04,3e-04,3e-04,3e-04,"not_updated",NA,NA,NA,"bayesc",NA
1,20262100,"active_markers",TRUE,"available",2800,998.287857142857,31.1041651794784,997,937,1059,939,1060,"available",0.999958457790462,2448.55898775256,0.630244962677367,"bayesc",1007
1,20262100,"weight_0",FALSE,"available",2800,0.98,0,0.98,0.98,0.98,0.98,0.98,"not_updated",NA,NA,NA,"bayesc",NA
1,20262100,"weight_1",FALSE,"available",2800,0.02,0,0.02,0.02,0.02,0.02,0.02,"not_updated",NA,NA,NA,"bayesc",NA
1,20262100,"genetic_covariance[A,A]",TRUE,"available",2800,0.313493827548513,0.0156774088537014,0.313361371430648,0.28424548165132,0.344394012797304,0.28415650544702,0.344023729062909,"available",0.999978928040539,2946.43439890823,0.000288686772526602,"bayesc",NA
1,20262100,"h2[A]",TRUE,"available",2800,0.313493827548513,0.0156774088537014,0.313361371430648,0.28424548165132,0.344394012797304,0.28415650544702,0.344023729062909,"available",0.999978928040539,2946.43439890823,0.000288686772526602,"bayesc",0.303963790428954
1,20262100,"residual_variance",FALSE,"available",20000,1,0,1,1,1,1,1,"not_updated",NA,NA,NA,"bayesr",NA
1,20262100,"effect_variance",FALSE,"available",20000,0.000810810810810811,2.19704663379328e-19,0.000810810810810811,0.000810810810810811,0.000810810810810811,0.000810810810810811,0.000810810810810811,"not_updated",NA,NA,NA,"bayesr",NA
1,20262100,"active_markers",TRUE,"available",20000,993.30045,30.9751650978674,993,933,1055,931,1052,"available",0.999979321627514,20045.5381344427,0.218795569948011,"bayesr",1007
1,20262100,"weight_0",FALSE,"available",20000,0.98,2.58480260007822e-16,0.98,0.98,0.98,0.98,0.98,"not_updated",NA,NA,NA,"bayesr",NA
1,20262100,"weight_1",FALSE,"available",20000,0.00666666666666667,7.63195765608769e-19,0.00666666666666667,0.00666666666666667,0.00666666666666667,0.00666666666666667,0.00666666666666667,"not_updated",NA,NA,NA,"bayesr",NA
1,20262100,"weight_2",FALSE,"available",20000,0.00666666666666667,7.63195765608769e-19,0.00666666666666667,0.00666666666666667,0.00666666666666667,0.00666666666666667,0.00666666666666667,"not_updated",NA,NA,NA,"bayesr",NA
1,20262100,"weight_3",FALSE,"available",20000,0.00666666666666667,7.63195765608769e-19,0.00666666666666667,0.00666666666666667,0.00666666666666667,0.00666666666666667,0.00666666666666667,"not_updated",NA,NA,NA,"bayesr",NA
1,20262100,"genetic_covariance[A,A]",TRUE,"available",20000,0.306985303311493,0.0215138448227605,0.306677850978002,0.265251224475558,0.350277448655825,0.263116378278474,0.347813762705451,"available",1.00004031244999,19859.8551510515,0.000152656500337508,"bayesr",NA
1,20262100,"h2[A]",TRUE,"available",20000,0.306985303311493,0.0215138448227605,0.306677850978002,0.265251224475558,0.350277448655825,0.263116378278474,0.347813762705451,"available",1.00004031244999,19859.8551510515,0.000152656500337508,"bayesr",0.303963790428954
2,20262200,"residual_variance",FALSE,"available",2800,1,0,1,1,1,1,1,"not_updated",NA,NA,NA,"bayesc",NA
2,20262200,"effect_variance",FALSE,"available",2800,3e-04,0,3e-04,3e-04,3e-04,3e-04,3e-04,"not_updated",NA,NA,NA,"bayesc",NA
2,20262200,"active_markers",TRUE,"available",2800,994.214285714286,31.0259916425431,994,935,1056,931,1052,"available",1.00070142624703,2476.54485791446,0.624712910779984,"bayesc",988
2,20262200,"weight_0",FALSE,"available",2800,0.98,0,0.98,0.98,0.98,0.98,0.98,"not_updated",NA,NA,NA,"bayesc",NA
2,20262200,"weight_1",FALSE,"available",2800,0.02,0,0.02,0.02,0.02,0.02,0.02,"not_updated",NA,NA,NA,"bayesc",NA
2,20262200,"genetic_covariance[A,A]",TRUE,"available",2800,0.308136227498094,0.0159475251491672,0.307935392246804,0.277696427842494,0.340876316794256,0.275988110995847,0.338913228130944,"available",1.00023053363359,2942.99186570381,0.000293688788374386,"bayesc",NA
2,20262200,"h2[A]",TRUE,"available",2800,0.308136227498094,0.0159475251491672,0.307935392246804,0.277696427842494,0.340876316794256,0.275988110995847,0.338913228130944,"available",1.00023053363359,2942.99186570381,0.000293688788374386,"bayesc",0.304745793592502
2,20262200,"residual_variance",FALSE,"available",20000,1,0,1,1,1,1,1,"not_updated",NA,NA,NA,"bayesr",NA
2,20262200,"effect_variance",FALSE,"available",20000,0.000810810810810811,2.19704663379328e-19,0.000810810810810811,0.000810810810810811,0.000810810810810811,0.000810810810810811,0.000810810810810811,"not_updated",NA,NA,NA,"bayesr",NA
2,20262200,"active_markers",TRUE,"available",20000,988.5442,31.0554048157227,988,928,1050,926,1047,"available",1.00022444660874,20631.1531685089,0.216186755558719,"bayesr",988
2,20262200,"weight_0",FALSE,"available",20000,0.98,2.58480260007822e-16,0.98,0.98,0.98,0.98,0.98,"not_updated",NA,NA,NA,"bayesr",NA
2,20262200,"weight_1",FALSE,"available",20000,0.00666666666666667,7.63195765608769e-19,0.00666666666666667,0.00666666666666667,0.00666666666666667,0.00666666666666667,0.00666666666666667,"not_updated",NA,NA,NA,"bayesr",NA
2,20262200,"weight_2",FALSE,"available",20000,0.00666666666666667,7.63195765608769e-19,0.00666666666666667,0.00666666666666667,0.00666666666666667,0.00666666666666667,0.00666666666666667,"not_updated",NA,NA,NA,"bayesr",NA
2,20262200,"weight_3",FALSE,"available",20000,0.00666666666666667,7.63195765608769e-19,0.00666666666666667,0.00666666666666667,0.00666666666666667,0.00666666666666667,0.00666666666666667,"not_updated",NA,NA,NA,"bayesr",NA
2,20262200,"genetic_covariance[A,A]",TRUE,"available",20000,0.293764604264134,0.0208502783602589,0.293424664267645,0.253900926565607,0.33514965633041,0.253912120767076,0.335151300406104,"available",0.999964192469304,20084.70497917,0.000147071401311913,"bayesr",NA
2,20262200,"h2[A]",TRUE,"available",20000,0.293764604264134,0.0208502783602589,0.293424664267645,0.253900926565607,0.33514965633041,0.253912120767076,0.335151300406104,"available",0.999964192469304,20084.70497917,0.000147071401311913,"bayesr",0.304745793592502
3,20262300,"residual_variance",FALSE,"available",2800,1,0,1,1,1,1,1,"not_updated",NA,NA,NA,"bayesc",NA
3,20262300,"effect_variance",FALSE,"available",2800,3e-04,0,3e-04,3e-04,3e-04,3e-04,3e-04,"not_updated",NA,NA,NA,"bayesc",NA
3,20262300,"active_markers",TRUE,"available",2800,998.685357142857,31.2796500262929,998,939,1062,938,1059,"available",1.00189755128679,2699.60631634922,0.603269916267647,"bayesc",931
3,20262300,"weight_0",FALSE,"available",2800,0.98,0,0.98,0.98,0.98,0.98,0.98,"not_updated",NA,NA,NA,"bayesc",NA
3,20262300,"weight_1",FALSE,"available",2800,0.02,0,0.02,0.02,0.02,0.02,0.02,"not_updated",NA,NA,NA,"bayesc",NA
3,20262300,"genetic_covariance[A,A]",TRUE,"available",2800,0.314657178687846,0.015894346492862,0.314945403538859,0.284175332723592,0.345916266947337,0.283599995678535,0.344792509879766,"available",1.00027533772273,2752.23106366479,0.000302291667440719,"bayesc",NA
3,20262300,"h2[A]",TRUE,"available",2800,0.314657178687846,0.015894346492862,0.314945403538859,0.284175332723592,0.345916266947337,0.283599995678535,0.344792509879766,"available",1.00027533772273,2752.23106366479,0.000302291667440719,"bayesc",0.302591432584273
3,20262300,"residual_variance",FALSE,"available",20000,1,0,1,1,1,1,1,"not_updated",NA,NA,NA,"bayesr",NA
3,20262300,"effect_variance",FALSE,"available",20000,0.000810810810810811,2.19704663379328e-19,0.000810810810810811,0.000810810810810811,0.000810810810810811,0.000810810810810811,0.000810810810810811,"not_updated",NA,NA,NA,"bayesr",NA
3,20262300,"active_markers",TRUE,"available",20000,994.129,30.8172653587597,994,934,1056,931,1052,"available",1.00014050834319,20098.9513994855,0.217332948769833,"bayesr",931
3,20262300,"weight_0",FALSE,"available",20000,0.98,2.58480260007822e-16,0.98,0.98,0.98,0.98,0.98,"not_updated",NA,NA,NA,"bayesr",NA
3,20262300,"weight_1",FALSE,"available",20000,0.00666666666666667,7.63195765608769e-19,0.00666666666666667,0.00666666666666667,0.00666666666666667,0.00666666666666667,0.00666666666666667,"not_updated",NA,NA,NA,"bayesr",NA
3,20262300,"weight_2",FALSE,"available",20000,0.00666666666666667,7.63195765608769e-19,0.00666666666666667,0.00666666666666667,0.00666666666666667,0.00666666666666667,0.00666666666666667,"not_updated",NA,NA,NA,"bayesr",NA
3,20262300,"weight_3",FALSE,"available",20000,0.00666666666666667,7.63195765608769e-19,0.00666666666666667,0.00666666666666667,0.00666666666666667,0.00666666666666667,0.00666666666666667,"not_updated",NA,NA,NA,"bayesr",NA
3,20262300,"genetic_covariance[A,A]",TRUE,"available",20000,0.309988353912599,0.0214031619828024,0.309479298558922,0.269085610501718,0.352939647086244,0.26901984043421,0.352782311846779,"available",0.999879377172868,20969.1569049399,0.000147768853001631,"bayesr",NA
3,20262300,"h2[A]",TRUE,"available",20000,0.309988353912599,0.0214031619828024,0.309479298558922,0.269085610501718,0.352939647086244,0.26901984043421,0.352782311846779,"available",0.999879377172868,20969.1569049399,0.000147768853001631,"bayesr",0.302591432584273
4,20262400,"residual_variance",FALSE,"available",2800,1,0,1,1,1,1,1,"not_updated",NA,NA,NA,"bayesc",NA
4,20262400,"effect_variance",FALSE,"available",2800,3e-04,0,3e-04,3e-04,3e-04,3e-04,3e-04,"not_updated",NA,NA,NA,"bayesc",NA
4,20262400,"active_markers",TRUE,"available",2800,996.958571428571,31.1674315080922,997,937,1058.65833333333,934,1055,"available",1.00026841547765,2491.74861741719,0.623945231724012,"bayesc",923
4,20262400,"weight_0",FALSE,"available",2800,0.98,0,0.98,0.98,0.98,0.98,0.98,"not_updated",NA,NA,NA,"bayesc",NA
4,20262400,"weight_1",FALSE,"available",2800,0.02,0,0.02,0.02,0.02,0.02,0.02,"not_updated",NA,NA,NA,"bayesc",NA
4,20262400,"genetic_covariance[A,A]",TRUE,"available",2800,0.315300075710803,0.0159494402923004,0.315329650210619,0.284384811660544,0.34608746987095,0.283356580398177,0.344072542747804,"available",1.00056699951128,2926.77435672091,0.000294917525162152,"bayesc",NA
4,20262400,"h2[A]",TRUE,"available",2800,0.315300075710803,0.0159494402923004,0.315329650210619,0.284384811660544,0.34608746987095,0.283356580398177,0.344072542747804,"available",1.00056699951128,2926.77435672091,0.000294917525162152,"bayesc",0.296475557779458
4,20262400,"residual_variance",FALSE,"available",20000,1,0,1,1,1,1,1,"not_updated",NA,NA,NA,"bayesr",NA
4,20262400,"effect_variance",FALSE,"available",20000,0.000810810810810811,2.19704663379328e-19,0.000810810810810811,0.000810810810810811,0.000810810810810811,0.000810810810810811,0.000810810810810811,"not_updated",NA,NA,NA,"bayesr",NA
4,20262400,"active_markers",TRUE,"available",20000,991.60675,31.0811101186526,991,931,1053,929,1050,"available",0.999960266054879,20345.7585633546,0.217905300427086,"bayesr",923
4,20262400,"weight_0",FALSE,"available",20000,0.98,2.58480260007822e-16,0.98,0.98,0.98,0.98,0.98,"not_updated",NA,NA,NA,"bayesr",NA
4,20262400,"weight_1",FALSE,"available",20000,0.00666666666666667,7.63195765608769e-19,0.00666666666666667,0.00666666666666667,0.00666666666666667,0.00666666666666667,0.00666666666666667,"not_updated",NA,NA,NA,"bayesr",NA
4,20262400,"weight_2",FALSE,"available",20000,0.00666666666666667,7.63195765608769e-19,0.00666666666666667,0.00666666666666667,0.00666666666666667,0.00666666666666667,0.00666666666666667,"not_updated",NA,NA,NA,"bayesr",NA
4,20262400,"weight_3",FALSE,"available",20000,0.00666666666666667,7.63195765608769e-19,0.00666666666666667,0.00666666666666667,0.00666666666666667,0.00666666666666667,0.00666666666666667,"not_updated",NA,NA,NA,"bayesr",NA
4,20262400,"genetic_covariance[A,A]",TRUE,"available",20000,0.30904548691429,0.0213889464624315,0.308699974051637,0.268316315260404,0.352105129477784,0.267191460938691,0.350654813473155,"available",1.00014735799086,20296.0902693069,0.000150077537330568,"bayesr",NA
4,20262400,"h2[A]",TRUE,"available",20000,0.30904548691429,0.0213889464624315,0.308699974051637,0.268316315260404,0.352105129477784,0.267191460938691,0.350654813473155,"available",1.00014735799086,20296.0902693069,0.000150077537330568,"bayesr",0.296475557779458
5,20262500,"residual_variance",FALSE,"available",2800,1,0,1,1,1,1,1,"not_updated",NA,NA,NA,"bayesc",NA
5,20262500,"effect_variance",FALSE,"available",2800,3e-04,0,3e-04,3e-04,3e-04,3e-04,3e-04,"not_updated",NA,NA,NA,"bayesc",NA
5,20262500,"active_markers",TRUE,"available",2800,991.763214285714,31.408031704412,991,930.341666666667,1054,928,1051,"available",0.999597199880438,2666.25473837,0.608233959827724,"bayesc",939
5,20262500,"weight_0",FALSE,"available",2800,0.98,0,0.98,0.98,0.98,0.98,0.98,"not_updated",NA,NA,NA,"bayesc",NA
5,20262500,"weight_1",FALSE,"available",2800,0.02,0,0.02,0.02,0.02,0.02,0.02,"not_updated",NA,NA,NA,"bayesc",NA
5,20262500,"genetic_covariance[A,A]",TRUE,"available",2800,0.308712580364227,0.0160686968966966,0.308400552339461,0.278054497958551,0.340875984956764,0.277773619847882,0.340214083856216,"available",1.00006316199459,2921.50511776959,0.000297063144295018,"bayesc",NA
5,20262500,"h2[A]",TRUE,"available",2800,0.308712580364227,0.0160686968966966,0.308400552339461,0.278054497958551,0.340875984956764,0.277773619847882,0.340214083856216,"available",1.00006316199459,2921.50511776959,0.000297063144295018,"bayesc",0.299644935027348
5,20262500,"residual_variance",FALSE,"available",20000,1,0,1,1,1,1,1,"not_updated",NA,NA,NA,"bayesr",NA
5,20262500,"effect_variance",FALSE,"available",20000,0.000810810810810811,2.19704663379328e-19,0.000810810810810811,0.000810810810810811,0.000810810810810811,0.000810810810810811,0.000810810810810811,"not_updated",NA,NA,NA,"bayesr",NA
5,20262500,"active_markers",TRUE,"available",20000,986.8975,30.9534844510272,987,927,1048,929,1049,"available",1.00026973941889,20455.4911294325,0.21645405401578,"bayesr",939
5,20262500,"weight_0",FALSE,"available",20000,0.98,2.58480260007822e-16,0.98,0.98,0.98,0.98,0.98,"not_updated",NA,NA,NA,"bayesr",NA
5,20262500,"weight_1",FALSE,"available",20000,0.00666666666666667,7.63195765608769e-19,0.00666666666666667,0.00666666666666667,0.00666666666666667,0.00666666666666667,0.00666666666666667,"not_updated",NA,NA,NA,"bayesr",NA
5,20262500,"weight_2",FALSE,"available",20000,0.00666666666666667,7.63195765608769e-19,0.00666666666666667,0.00666666666666667,0.00666666666666667,0.00666666666666667,0.00666666666666667,"not_updated",NA,NA,NA,"bayesr",NA
5,20262500,"weight_3",FALSE,"available",20000,0.00666666666666667,7.63195765608769e-19,0.00666666666666667,0.00666666666666667,0.00666666666666667,0.00666666666666667,0.00666666666666667,"not_updated",NA,NA,NA,"bayesr",NA
5,20262500,"genetic_covariance[A,A]",TRUE,"available",20000,0.296985039382266,0.0208835107014341,0.296587543297406,0.257513625438662,0.338845578354077,0.257413398127377,0.338700368624734,"available",1.00009774869731,20089.7528181814,0.000147280743294966,"bayesr",NA
5,20262500,"h2[A]",TRUE,"available",20000,0.296985039382266,0.0208835107014341,0.296587543297406,0.257513625438662,0.338845578354077,0.257413398127377,0.338700368624734,"available",1.00009774869731,20089.7528181814,0.000147280743294966,"bayesr",0.299644935027348
6,20262600,"residual_variance",FALSE,"available",2800,1,0,1,1,1,1,1,"not_updated",NA,NA,NA,"bayesc",NA
6,20262600,"effect_variance",FALSE,"available",2800,3e-04,0,3e-04,3e-04,3e-04,3e-04,3e-04,"not_updated",NA,NA,NA,"bayesc",NA
6,20262600,"active_markers",TRUE,"available",2800,1000.97928571429,31.5080123223326,1001,941,1063.65833333333,940,1062,"available",0.999961215705342,2265.44161689013,0.66220172931493,"bayesc",998
6,20262600,"weight_0",FALSE,"available",2800,0.98,0,0.98,0.98,0.98,0.98,0.98,"not_updated",NA,NA,NA,"bayesc",NA
6,20262600,"weight_1",FALSE,"available",2800,0.02,0,0.02,0.02,0.02,0.02,0.02,"not_updated",NA,NA,NA,"bayesc",NA
6,20262600,"genetic_covariance[A,A]",TRUE,"available",2800,0.31659248819472,0.0160656258766979,0.316547221442234,0.285361602596712,0.348559711680493,0.285201617755928,0.348237664153915,"available",1.00080753005522,2750.93519686005,0.000307776941320748,"bayesc",NA
6,20262600,"h2[A]",TRUE,"available",2800,0.31659248819472,0.0160656258766979,0.316547221442234,0.285361602596712,0.348559711680493,0.285201617755928,0.348237664153915,"available",1.00080753005522,2750.93519686005,0.000307776941320748,"bayesc",0.295937482095736
6,20262600,"residual_variance",FALSE,"available",20000,1,0,1,1,1,1,1,"not_updated",NA,NA,NA,"bayesr",NA
6,20262600,"effect_variance",FALSE,"available",20000,0.000810810810810811,2.19704663379328e-19,0.000810810810810811,0.000810810810810811,0.000810810810810811,0.000810810810810811,0.000810810810810811,"not_updated",NA,NA,NA,"bayesr",NA
6,20262600,"active_markers",TRUE,"available",20000,994.37605,30.8825407465715,994,935,1056,932,1052,"available",0.999983185246426,20341.3948220033,0.216517836248928,"bayesr",998
6,20262600,"weight_0",FALSE,"available",20000,0.98,2.58480260007822e-16,0.98,0.98,0.98,0.98,0.98,"not_updated",NA,NA,NA,"bayesr",NA
6,20262600,"weight_1",FALSE,"available",20000,0.00666666666666667,7.63195765608769e-19,0.00666666666666667,0.00666666666666667,0.00666666666666667,0.00666666666666667,0.00666666666666667,"not_updated",NA,NA,NA,"bayesr",NA
6,20262600,"weight_2",FALSE,"available",20000,0.00666666666666667,7.63195765608769e-19,0.00666666666666667,0.00666666666666667,0.00666666666666667,0.00666666666666667,0.00666666666666667,"not_updated",NA,NA,NA,"bayesr",NA
6,20262600,"weight_3",FALSE,"available",20000,0.00666666666666667,7.63195765608769e-19,0.00666666666666667,0.00666666666666667,0.00666666666666667,0.00666666666666667,0.00666666666666667,"not_updated",NA,NA,NA,"bayesr",NA
6,20262600,"genetic_covariance[A,A]",TRUE,"available",20000,0.309743924228729,0.0214079758777716,0.309315473336465,0.268543398380554,0.352464203767962,0.269469495750828,0.353126031494913,"available",0.999924478586312,20429.56524756,0.000149710110072793,"bayesr",NA
6,20262600,"h2[A]",TRUE,"available",20000,0.309743924228729,0.0214079758777716,0.309315473336465,0.268543398380554,0.352464203767962,0.269469495750828,0.353126031494913,"available",0.999924478586312,20429.56524756,0.000149710110072793,"bayesr",0.295937482095736
7,20262700,"residual_variance",FALSE,"available",2800,1,0,1,1,1,1,1,"not_updated",NA,NA,NA,"bayesc",NA
7,20262700,"effect_variance",FALSE,"available",2800,3e-04,0,3e-04,3e-04,3e-04,3e-04,3e-04,"not_updated",NA,NA,NA,"bayesc",NA
7,20262700,"active_markers",TRUE,"available",2800,995.511071428571,30.7265112105217,996,936,1057,936,1057,"available",1.00001561653148,2391.88528000269,0.628849874510319,"bayesc",909
7,20262700,"weight_0",FALSE,"available",2800,0.98,0,0.98,0.98,0.98,0.98,0.98,"not_updated",NA,NA,NA,"bayesc",NA
7,20262700,"weight_1",FALSE,"available",2800,0.02,0,0.02,0.02,0.02,0.02,0.02,"not_updated",NA,NA,NA,"bayesc",NA
7,20262700,"genetic_covariance[A,A]",TRUE,"available",2800,0.316163207476746,0.016202331378301,0.31603616303226,0.284308422524558,0.348526329084074,0.282321945159274,0.345580055494896,"available",0.999420018041998,2843.83929167983,0.000303730085829702,"bayesc",NA
7,20262700,"h2[A]",TRUE,"available",2800,0.316163207476746,0.016202331378301,0.31603616303226,0.284308422524558,0.348526329084074,0.282321945159274,0.345580055494896,"available",0.999420018041998,2843.83929167983,0.000303730085829702,"bayesc",0.29438778909992
7,20262700,"residual_variance",FALSE,"available",20000,1,0,1,1,1,1,1,"not_updated",NA,NA,NA,"bayesr",NA
7,20262700,"effect_variance",FALSE,"available",20000,0.000810810810810811,2.19704663379328e-19,0.000810810810810811,0.000810810810810811,0.000810810810810811,0.000810810810810811,0.000810810810810811,"not_updated",NA,NA,NA,"bayesr",NA
7,20262700,"active_markers",TRUE,"available",20000,991.7692,30.9790028291876,991,932,1053,932,1052,"available",0.99998503918557,20328.8233975779,0.21730200828185,"bayesr",909
7,20262700,"weight_0",FALSE,"available",20000,0.98,2.58480260007822e-16,0.98,0.98,0.98,0.98,0.98,"not_updated",NA,NA,NA,"bayesr",NA
7,20262700,"weight_1",FALSE,"available",20000,0.00666666666666667,7.63195765608769e-19,0.00666666666666667,0.00666666666666667,0.00666666666666667,0.00666666666666667,0.00666666666666667,"not_updated",NA,NA,NA,"bayesr",NA
7,20262700,"weight_2",FALSE,"available",20000,0.00666666666666667,7.63195765608769e-19,0.00666666666666667,0.00666666666666667,0.00666666666666667,0.00666666666666667,0.00666666666666667,"not_updated",NA,NA,NA,"bayesr",NA
7,20262700,"weight_3",FALSE,"available",20000,0.00666666666666667,7.63195765608769e-19,0.00666666666666667,0.00666666666666667,0.00666666666666667,0.00666666666666667,0.00666666666666667,"not_updated",NA,NA,NA,"bayesr",NA
7,20262700,"genetic_covariance[A,A]",TRUE,"available",20000,0.31495682170209,0.0216132389334701,0.314563810071183,0.27324421592449,0.358080403780985,0.273280840093662,0.358094301820986,"available",0.999941226953725,19936.9739876517,0.000153105623274429,"bayesr",NA
7,20262700,"h2[A]",TRUE,"available",20000,0.31495682170209,0.0216132389334701,0.314563810071183,0.27324421592449,0.358080403780985,0.273280840093662,0.358094301820986,"available",0.999941226953725,19936.9739876517,0.000153105623274429,"bayesr",0.29438778909992
8,20262800,"residual_variance",FALSE,"available",2800,1,0,1,1,1,1,1,"not_updated",NA,NA,NA,"bayesc",NA
8,20262800,"effect_variance",FALSE,"available",2800,3e-04,0,3e-04,3e-04,3e-04,3e-04,3e-04,"not_updated",NA,NA,NA,"bayesc",NA
8,20262800,"active_markers",TRUE,"available",2800,992.800714285714,31.0337022401577,992,933,1056.65833333333,931,1053,"available",0.99996955364072,2462.00749682132,0.626617896369421,"bayesc",958
8,20262800,"weight_0",FALSE,"available",2800,0.98,0,0.98,0.98,0.98,0.98,0.98,"not_updated",NA,NA,NA,"bayesc",NA
8,20262800,"weight_1",FALSE,"available",2800,0.02,0,0.02,0.02,0.02,0.02,0.02,"not_updated",NA,NA,NA,"bayesc",NA
8,20262800,"genetic_covariance[A,A]",TRUE,"available",2800,0.311763525431833,0.0159055602600796,0.311666595025916,0.281819720052529,0.343754135267646,0.281391332075429,0.342690163190127,"available",1.00169177773736,2737.64667021692,0.000303924205363062,"bayesc",NA
8,20262800,"h2[A]",TRUE,"available",2800,0.311763525431833,0.0159055602600796,0.311666595025916,0.281819720052529,0.343754135267646,0.281391332075429,0.342690163190127,"available",1.00169177773736,2737.64667021692,0.000303924205363062,"bayesc",0.301231624829598
8,20262800,"residual_variance",FALSE,"available",20000,1,0,1,1,1,1,1,"not_updated",NA,NA,NA,"bayesr",NA
8,20262800,"effect_variance",FALSE,"available",20000,0.000810810810810811,2.19704663379328e-19,0.000810810810810811,0.000810810810810811,0.000810810810810811,0.000810810810810811,0.000810810810810811,"not_updated",NA,NA,NA,"bayesr",NA
8,20262800,"active_markers",TRUE,"available",20000,989.5225,31.0379165113103,989,929,1051,928,1049,"available",1.00008718128944,20383.9529257567,0.217417177875503,"bayesr",958
8,20262800,"weight_0",FALSE,"available",20000,0.98,2.58480260007822e-16,0.98,0.98,0.98,0.98,0.98,"not_updated",NA,NA,NA,"bayesr",NA
8,20262800,"weight_1",FALSE,"available",20000,0.00666666666666667,7.63195765608769e-19,0.00666666666666667,0.00666666666666667,0.00666666666666667,0.00666666666666667,0.00666666666666667,"not_updated",NA,NA,NA,"bayesr",NA
8,20262800,"weight_2",FALSE,"available",20000,0.00666666666666667,7.63195765608769e-19,0.00666666666666667,0.00666666666666667,0.00666666666666667,0.00666666666666667,0.00666666666666667,"not_updated",NA,NA,NA,"bayesr",NA
8,20262800,"weight_3",FALSE,"available",20000,0.00666666666666667,7.63195765608769e-19,0.00666666666666667,0.00666666666666667,0.00666666666666667,0.00666666666666667,0.00666666666666667,"not_updated",NA,NA,NA,"bayesr",NA
8,20262800,"genetic_covariance[A,A]",TRUE,"available",20000,0.307867036352592,0.0215523981571435,0.307720694317793,0.266720785865365,0.351254841417015,0.266022057782668,0.350381288463714,"available",0.999984168121803,20496.3929009496,0.000150557912877336,"bayesr",NA
8,20262800,"h2[A]",TRUE,"available",20000,0.307867036352592,0.0215523981571435,0.307720694317793,0.266720785865365,0.351254841417015,0.266022057782668,0.350381288463714,"available",0.999984168121803,20496.3929009496,0.000150557912877336,"bayesr",0.301231624829598
9,20262900,"residual_variance",FALSE,"available",2800,1,0,1,1,1,1,1,"not_updated",NA,NA,NA,"bayesc",NA
9,20262900,"effect_variance",FALSE,"available",2800,3e-04,0,3e-04,3e-04,3e-04,3e-04,3e-04,"not_updated",NA,NA,NA,"bayesc",NA
9,20262900,"active_markers",TRUE,"available",2800,998.101428571429,31.540155673282,998,939,1063,938,1061,"available",1.00138396824159,2525.8317202974,0.626565173234177,"bayesc",958
9,20262900,"weight_0",FALSE,"available",2800,0.98,0,0.98,0.98,0.98,0.98,0.98,"not_updated",NA,NA,NA,"bayesc",NA
9,20262900,"weight_1",FALSE,"available",2800,0.02,0,0.02,0.02,0.02,0.02,0.02,"not_updated",NA,NA,NA,"bayesc",NA
9,20262900,"genetic_covariance[A,A]",TRUE,"available",2800,0.313236715062008,0.0163740630780171,0.313116331085188,0.281276664142398,0.346720052060794,0.280701652774497,0.345585459856142,"available",0.999363186893702,2839.87492492396,0.000306638694725558,"bayesc",NA
9,20262900,"h2[A]",TRUE,"available",2800,0.313236715062008,0.0163740630780171,0.313116331085188,0.281276664142398,0.346720052060794,0.280701652774497,0.345585459856142,"available",0.999363186893702,2839.87492492396,0.000306638694725558,"bayesc",0.300622215593296
9,20262900,"residual_variance",FALSE,"available",20000,1,0,1,1,1,1,1,"not_updated",NA,NA,NA,"bayesr",NA
9,20262900,"effect_variance",FALSE,"available",20000,0.000810810810810811,2.19704663379328e-19,0.000810810810810811,0.000810810810810811,0.000810810810810811,0.000810810810810811,0.000810810810810811,"not_updated",NA,NA,NA,"bayesr",NA
9,20262900,"active_markers",TRUE,"available",20000,993.65735,30.7833172612794,993,934,1055,933,1053,"available",0.999997401526475,20409.7653724377,0.215489966232596,"bayesr",958
9,20262900,"weight_0",FALSE,"available",20000,0.98,2.58480260007822e-16,0.98,0.98,0.98,0.98,0.98,"not_updated",NA,NA,NA,"bayesr",NA
9,20262900,"weight_1",FALSE,"available",20000,0.00666666666666667,7.63195765608769e-19,0.00666666666666667,0.00666666666666667,0.00666666666666667,0.00666666666666667,0.00666666666666667,"not_updated",NA,NA,NA,"bayesr",NA
9,20262900,"weight_2",FALSE,"available",20000,0.00666666666666667,7.63195765608769e-19,0.00666666666666667,0.00666666666666667,0.00666666666666667,0.00666666666666667,0.00666666666666667,"not_updated",NA,NA,NA,"bayesr",NA
9,20262900,"weight_3",FALSE,"available",20000,0.00666666666666667,7.63195765608769e-19,0.00666666666666667,0.00666666666666667,0.00666666666666667,0.00666666666666667,0.00666666666666667,"not_updated",NA,NA,NA,"bayesr",NA
9,20262900,"genetic_covariance[A,A]",TRUE,"available",20000,0.306883755707794,0.021388766064153,0.306495497647795,0.266360183742437,0.350231559688687,0.265589758056635,0.349259859877388,"available",1.0000888410304,19488.7099234523,0.000153399950196362,"bayesr",NA
9,20262900,"h2[A]",TRUE,"available",20000,0.306883755707794,0.021388766064153,0.306495497647795,0.266360183742437,0.350231559688687,0.265589758056635,0.349259859877388,"available",1.0000888410304,19488.7099234523,0.000153399950196362,"bayesr",0.300622215593296
10,20263000,"residual_variance",FALSE,"available",2800,1,0,1,1,1,1,1,"not_updated",NA,NA,NA,"bayesc",NA
10,20263000,"effect_variance",FALSE,"available",2800,3e-04,0,3e-04,3e-04,3e-04,3e-04,3e-04,"not_updated",NA,NA,NA,"bayesc",NA
10,20263000,"active_markers",TRUE,"available",2800,997.550357142857,31.0372599303001,997,937,1060,934,1056,"available",0.999716850099622,2441.42672551431,0.628778805493292,"bayesc",935
10,20263000,"weight_0",FALSE,"available",2800,0.98,0,0.98,0.98,0.98,0.98,0.98,"not_updated",NA,NA,NA,"bayesc",NA
10,20263000,"weight_1",FALSE,"available",2800,0.02,0,0.02,0.02,0.02,0.02,0.02,"not_updated",NA,NA,NA,"bayesc",NA
10,20263000,"genetic_covariance[A,A]",TRUE,"available",2800,0.312410961309121,0.0161989594323038,0.312578496652531,0.28254989920459,0.344735150289218,0.281320459676152,0.343250522290139,"available",1.00224161877918,2438.2598601129,0.000326943785718705,"bayesc",NA
10,20263000,"h2[A]",TRUE,"available",2800,0.312410961309121,0.0161989594323038,0.312578496652531,0.28254989920459,0.344735150289218,0.281320459676152,0.343250522290139,"available",1.00224161877918,2438.2598601129,0.000326943785718705,"bayesc",0.301783899068073
10,20263000,"residual_variance",FALSE,"available",20000,1,0,1,1,1,1,1,"not_updated",NA,NA,NA,"bayesr",NA
10,20263000,"effect_variance",FALSE,"available",20000,0.000810810810810811,2.19704663379328e-19,0.000810810810810811,0.000810810810810811,0.000810810810810811,0.000810810810810811,0.000810810810810811,"not_updated",NA,NA,NA,"bayesr",NA
10,20263000,"active_markers",TRUE,"available",20000,993.1995,30.9105026278874,993,933,1055,933,1054,"available",1.00004965780618,20216.7438967291,0.217405375119569,"bayesr",935
10,20263000,"weight_0",FALSE,"available",20000,0.98,2.58480260007822e-16,0.98,0.98,0.98,0.98,0.98,"not_updated",NA,NA,NA,"bayesr",NA
10,20263000,"weight_1",FALSE,"available",20000,0.00666666666666667,7.63195765608769e-19,0.00666666666666667,0.00666666666666667,0.00666666666666667,0.00666666666666667,0.00666666666666667,"not_updated",NA,NA,NA,"bayesr",NA
10,20263000,"weight_2",FALSE,"available",20000,0.00666666666666667,7.63195765608769e-19,0.00666666666666667,0.00666666666666667,0.00666666666666667,0.00666666666666667,0.00666666666666667,"not_updated",NA,NA,NA,"bayesr",NA
10,20263000,"weight_3",FALSE,"available",20000,0.00666666666666667,7.63195765608769e-19,0.00666666666666667,0.00666666666666667,0.00666666666666667,0.00666666666666667,0.00666666666666667,"not_updated",NA,NA,NA,"bayesr",NA
10,20263000,"genetic_covariance[A,A]",TRUE,"available",20000,0.305926170981857,0.0214963706160727,0.305520695295497,0.264959803511033,0.349660887699799,0.263514719668115,0.348083833160073,"available",0.999992320758831,20149.3872129438,0.000151475658863914,"bayesr",NA
10,20263000,"h2[A]",TRUE,"available",20000,0.305926170981857,0.0214963706160727,0.305520695295497,0.264959803511033,0.349660887699799,0.263514719668115,0.348083833160073,"available",0.999992320758831,20149.3872129438,0.000151475658863914,"bayesr",0.301783899068073
